cell	stratum	label	beta	se	t	p	n	beta_cond	se_cond	t_cond	p_cond	r_global	score	r_cortexmean_globalslope
SCZ25_EUR_SBayesRC_raw	EUR	cortex_mean	-0.041828568726023	0.0146422797032501	-2.8566978348828	0.00430233794934807	4308					1	score_SCZ25EUR_sbrc.profile	0.999999948257751
SCZ25_EUR_SBayesRC_raw	EUR	lh_1	-0.0239308935680948	0.015554498793457	-1.53851910536399	0.124002914494541	4308	-0.0016092431733862	0.0135573959684678	-0.118698544848069	0.905520358866486	0.484595425232278	score_SCZ25EUR_sbrc.profile	0.999999948257751
SCZ25_EUR_SBayesRC_raw	EUR	lh_10d	-0.0265952115503526	0.0156073459131166	-1.70401884461353	0.088454623681875	4308	-0.00968728223244409	0.014415222672237	-0.672017522913559	0.501611437910324	0.375069598394192	score_SCZ25EUR_sbrc.profile	0.999999948257751
SCZ25_EUR_SBayesRC_raw	EUR	lh_10pp	-0.0125684411574884	0.0154537475897087	-0.813294062461474	0.416099715136514	4308	-0.000652519683651905	0.0149013894770933	-0.0437891838646972	0.965074735644257	0.257499773446868	score_SCZ25EUR_sbrc.profile	0.999999948257751
SCZ25_EUR_SBayesRC_raw	EUR	lh_10r	-0.0302840303326472	0.0154999347587946	-1.95381663238706	0.0507935935999584	4308	-0.0185407533824961	0.0149782753266496	-1.23784300783336	0.215848801573518	0.249850383168238	score_SCZ25EUR_sbrc.profile	0.999999948257751
SCZ25_EUR_SBayesRC_raw	EUR	lh_10v	-0.00419281590105243	0.015497580717309	-0.27054647932045	0.786753903471148	4308	0.00896514166224649	0.01478062453744	0.606546877605704	0.544186632689156	0.313556112772604	score_SCZ25EUR_sbrc.profile	0.999999948257751
SCZ25_EUR_SBayesRC_raw	EUR	lh_11l	-0.0106271447650186	0.0155494779697648	-0.683440613613042	0.494368407217962	4308	0.00406520943284984	0.0147023541957296	0.276500577984347	0.782178193416119	0.330695129386989	score_SCZ25EUR_sbrc.profile	0.999999948257751
SCZ25_EUR_SBayesRC_raw	EUR	lh_13l	-0.0287816665827248	0.0155394806468985	-1.85216399677227	0.0640772790460654	4308	-0.0150290108777036	0.0148123153332706	-1.01462941745146	0.310345352424533	0.300555838504192	score_SCZ25EUR_sbrc.profile	0.999999948257751
SCZ25_EUR_SBayesRC_raw	EUR	lh_2	-0.0175239355925643	0.0153180171511177	-1.14400809319407	0.252690486996002	4308	0.00269029302356017	0.0136713323770965	0.196783528434083	0.84400719314021	0.475822899875998	score_SCZ25EUR_sbrc.profile	0.999999948257751
SCZ25_EUR_SBayesRC_raw	EUR	lh_23c	-0.0281471563551793	0.015225560203354	-1.84867787977869	0.0645809445867486	4308	-0.0117776095303911	0.0141617196131348	-0.831651088436151	0.405657760228111	0.409957013459021	score_SCZ25EUR_sbrc.profile	0.999999948257751
SCZ25_EUR_SBayesRC_raw	EUR	lh_23d	-0.0105780213045237	0.0151165808215072	-0.699762825299342	0.484117998261942	4308	-9.16750478135917e-05	0.0146963446498227	-0.00623794895928069	0.995023158951677	0.282677621298826	score_SCZ25EUR_sbrc.profile	0.999999948257751
SCZ25_EUR_SBayesRC_raw	EUR	lh_24dd	-0.0285632569784038	0.015188628882215	-1.8805684963341	0.0601060492796329	4308	-0.00918846779080934	0.0136379473504063	-0.673742723499779	0.500516259375587	0.471552435142028	score_SCZ25EUR_sbrc.profile	0.999999948257751
SCZ25_EUR_SBayesRC_raw	EUR	lh_24dv	-0.0247529283247967	0.0153052520226528	-1.61728328864894	0.105898666642169	4308	-0.0123272628435283	0.014640922252006	-0.841973110118748	0.399856022108069	0.316320985453872	score_SCZ25EUR_sbrc.profile	0.999999948257751
SCZ25_EUR_SBayesRC_raw	EUR	lh_25	0.0116909023534161	0.0154398177384626	0.757191733182996	0.448981667750368	4308	0.0163728512300652	0.015375334947151	1.06487769445953	0.286998492403883	0.105675457453363	score_SCZ25EUR_sbrc.profile	0.999999948257751
SCZ25_EUR_SBayesRC_raw	EUR	lh_31a	0.0136375281387605	0.0153459443811507	0.888673111282181	0.374234431592696	4308	0.0254933187228926	0.0147920170815273	1.72345114140853	0.0848881267003765	0.293031750210555	score_SCZ25EUR_sbrc.profile	0.999999948257751
SCZ25_EUR_SBayesRC_raw	EUR	lh_31pd	-0.0219475525736032	0.0154485830895808	-1.42068385471581	0.155488244555474	4308	-0.00413883439828697	0.0141677284111556	-0.292131122094921	0.770202243111036	0.415225474045508	score_SCZ25EUR_sbrc.profile	0.999999948257751
SCZ25_EUR_SBayesRC_raw	EUR	lh_31pv	0.00353707661981199	0.0155170804359256	0.227947301969438	0.819699003534212	4308	0.0184570795152855	0.0146202544613473	1.2624321665592	0.206868701127317	0.345994379848389	score_SCZ25EUR_sbrc.profile	0.999999948257751
SCZ25_EUR_SBayesRC_raw	EUR	lh_33pr	-0.0244443313917209	0.0155955886668718	-1.56738754232764	0.117101936908877	4308	-0.0208920485481923	0.0155582239714849	-1.34282991339392	0.179402126269051	0.0963274816109278	score_SCZ25EUR_sbrc.profile	0.999999948257751
SCZ25_EUR_SBayesRC_raw	EUR	lh_3a	-0.0137138781914096	0.0153539667647784	-0.893181443043688	0.371816031746675	4308	-0.00245621259912774	0.014900250244864	-0.164843714619785	0.869075668940225	0.281969584128197	score_SCZ25EUR_sbrc.profile	0.999999948257751
SCZ25_EUR_SBayesRC_raw	EUR	lh_3b	0.000928078332576173	0.0155337442273693	0.0597459517159403	0.952360960235039	4308	0.0136513958356034	0.014912282227842	0.915446450585246	0.360012689204863	0.290733870478634	score_SCZ25EUR_sbrc.profile	0.999999948257751
SCZ25_EUR_SBayesRC_raw	EUR	lh_4	-0.00549280699502207	0.0154922709532818	-0.354551441269396	0.722944410505837	4308	-0.00338669845951488	0.0155005591299322	-0.218488793283271	0.827059450617317	0.0844642149849636	score_SCZ25EUR_sbrc.profile	0.999999948257751
SCZ25_EUR_SBayesRC_raw	EUR	lh_43	-0.0153035166562279	0.0152251563007188	-1.00514676854289	0.314890959755406	4308	-0.00211241026406964	0.0145357627696324	-0.145325037120365	0.884462178685527	0.331525907131996	score_SCZ25EUR_sbrc.profile	0.999999948257751
SCZ25_EUR_SBayesRC_raw	EUR	lh_44	-0.0255416361275546	0.0150768316092784	-1.69409838814119	0.0903191079101899	4308	-0.0105553890365476	0.0142584377123635	-0.740290714135886	0.459171638100721	0.372602862922717	score_SCZ25EUR_sbrc.profile	0.999999948257751
SCZ25_EUR_SBayesRC_raw	EUR	lh_45	-0.0313343497866542	0.0152358429955436	-2.05662068031414	0.0397916639275864	4308	-0.0126245215895631	0.0138241071649996	-0.913225095760714	0.361184545234908	0.450458326926774	score_SCZ25EUR_sbrc.profile	0.999999948257751
SCZ25_EUR_SBayesRC_raw	EUR	lh_46	-0.00965700496229065	0.0153691908829366	-0.628335286863551	0.529821741072289	4308	0.0114329147872038	0.0134395183773264	0.850693787248513	0.39499381019321	0.506080973444851	score_SCZ25EUR_sbrc.profile	0.999999948257751
SCZ25_EUR_SBayesRC_raw	EUR	lh_47l	-0.0034012899140931	0.015228252432992	-0.223353922523914	0.823271728840834	4308	0.0135462322938311	0.0140881736470836	0.961532178206457	0.336345755385362	0.413052857488538	score_SCZ25EUR_sbrc.profile	0.999999948257751
SCZ25_EUR_SBayesRC_raw	EUR	lh_47m	-0.0104887710736308	0.0155371431772085	-0.675077197526039	0.499666384988072	4308	0.00221868645509933	0.0149246576165327	0.148659119164087	0.881830327680637	0.283217014206048	score_SCZ25EUR_sbrc.profile	0.999999948257751
SCZ25_EUR_SBayesRC_raw	EUR	lh_47s	-0.0122781608075754	0.0153083528013232	-0.802056300042558	0.422569597095919	4308	0.00150402579015045	0.0145924460488772	0.103068792244476	0.917913691411101	0.329305989360869	score_SCZ25EUR_sbrc.profile	0.999999948257751
SCZ25_EUR_SBayesRC_raw	EUR	lh_52	-0.00966504115198241	0.0152842766583442	-0.632351884752486	0.527195153658196	4308	0.00289790350820925	0.0146899202059308	0.197271562240296	0.84362576206416	0.300962570590821	score_SCZ25EUR_sbrc.profile	0.999999948257751
SCZ25_EUR_SBayesRC_raw	EUR	lh_55b	-0.0365665095033531	0.0155675246050404	-2.3488968497608	0.0188804238883883	4308	-0.0212540973814082	0.0146203843159079	-1.45373041653101	0.146107176062981	0.347038073020843	score_SCZ25EUR_sbrc.profile	0.999999948257751
SCZ25_EUR_SBayesRC_raw	EUR	lh_5L	-0.0334857919414884	0.0155802051840122	-2.14925230739901	0.031676151830319	4308	-0.0173014590825681	0.0144656982233189	-1.19603345897801	0.231759367268104	0.375127071319799	score_SCZ25EUR_sbrc.profile	0.999999948257751
SCZ25_EUR_SBayesRC_raw	EUR	lh_5m	-0.0236520359360439	0.0154506650742553	-1.53081021576567	0.125895698697408	4308	-0.00590719538159965	0.0141948226118578	-0.41615140556001	0.677321830901872	0.409810856847092	score_SCZ25EUR_sbrc.profile	0.999999948257751
SCZ25_EUR_SBayesRC_raw	EUR	lh_5mv	-0.00595037273990851	0.015333834331772	-0.388055108145993	0.697996290885516	4308	0.0127027431689493	0.0139773964547118	0.908806100628787	0.363508855898369	0.440138913634143	score_SCZ25EUR_sbrc.profile	0.999999948257751
SCZ25_EUR_SBayesRC_raw	EUR	lh_6a	-0.047468041999196	0.0151821138877402	-3.12657659863343	0.00178158880919897	4308	-0.0293419687856893	0.0138674786246643	-2.11588346950847	0.0344182195007407	0.443844318849263	score_SCZ25EUR_sbrc.profile	0.999999948257751
SCZ25_EUR_SBayesRC_raw	EUR	lh_6d	-0.0338886970166733	0.0154667444304739	-2.19106853216654	0.0285106391742271	4308	-0.0174623638037177	0.0144146864658962	-1.21142862489809	0.225810229706566	0.37178057023987	score_SCZ25EUR_sbrc.profile	0.999999948257751
SCZ25_EUR_SBayesRC_raw	EUR	lh_6ma	-0.022099285361068	0.0156238123958287	-1.41446177163316	0.157304666272965	4308	-0.00805727670968143	0.0147778491841577	-0.545226616490245	0.585628680617999	0.312927908850969	score_SCZ25EUR_sbrc.profile	0.999999948257751
SCZ25_EUR_SBayesRC_raw	EUR	lh_6mp	-0.0279528910154766	0.0154036849329959	-1.81468857205716	0.0696504505094859	4308	-0.00972895501743468	0.0140163995912748	-0.694112275701026	0.487654778855523	0.429181963224907	score_SCZ25EUR_sbrc.profile	0.999999948257751
SCZ25_EUR_SBayesRC_raw	EUR	lh_6r	-0.0185810504145346	0.0152173656315072	-1.22104251579938	0.222145500652136	4308	-0.00182746081561247	0.0140917118527228	-0.129683379472408	0.896823838763723	0.412613295832456	score_SCZ25EUR_sbrc.profile	0.999999948257751
SCZ25_EUR_SBayesRC_raw	EUR	lh_6v	-0.028191473227167	0.0155175198996364	-1.81675122116825	0.0693332679283247	4308	-0.0138017409119384	0.0146309812247992	-0.943322987015035	0.345575528800496	0.327004606877018	score_SCZ25EUR_sbrc.profile	0.999999948257751
SCZ25_EUR_SBayesRC_raw	EUR	lh_7AL	-0.000233888467259151	0.0155692265291771	-0.0150224846957451	0.988015025007565	4308	0.0149759216520177	0.0146342389418918	1.02334817078515	0.306208517595223	0.33996390183863	score_SCZ25EUR_sbrc.profile	0.999999948257751
SCZ25_EUR_SBayesRC_raw	EUR	lh_7Am	-0.00549658455305888	0.0154437040478423	-0.355911026009776	0.721926716173365	4308	0.0120253115300955	0.0142461931073676	0.8441070143768	0.398663221268207	0.386236004105932	score_SCZ25EUR_sbrc.profile	0.999999948257751
SCZ25_EUR_SBayesRC_raw	EUR	lh_7PC	-0.00240403283773039	0.0153469231651979	-0.15664591604798	0.87553253691889	4308	0.0152268226720667	0.0142080847502061	1.0717012841471	0.283924173902232	0.390499941255928	score_SCZ25EUR_sbrc.profile	0.999999948257751
SCZ25_EUR_SBayesRC_raw	EUR	lh_7PL	-0.00614864439104549	0.0153945745426406	-0.3994033335585	0.689618208514738	4308	0.00929018619466215	0.0144792110166834	0.641622404974807	0.521156561828344	0.361645720889689	score_SCZ25EUR_sbrc.profile	0.999999948257751
SCZ25_EUR_SBayesRC_raw	EUR	lh_7Pm	0.022516904339837	0.0154090554254045	1.46127739294869	0.144020112703004	4308	0.0369199112775242	0.0145983063396148	2.52905442717942	0.0114764793716006	0.341935144436541	score_SCZ25EUR_sbrc.profile	0.999999948257751
SCZ25_EUR_SBayesRC_raw	EUR	lh_7m	-0.0155905092023242	0.0153551248757951	-1.01532936582627	0.310011871645961	4308	0.00150219702480288	0.0141908729093117	0.105856562482296	0.915701619304653	0.407605382378536	score_SCZ25EUR_sbrc.profile	0.999999948257751
SCZ25_EUR_SBayesRC_raw	EUR	lh_8Ad	-0.0235849507361785	0.0152716237871265	-1.5443643102353	0.122581225858586	4308	-0.00362339577771408	0.013632032861059	-0.265800105871562	0.790407183793239	0.486678306949107	score_SCZ25EUR_sbrc.profile	0.999999948257751
SCZ25_EUR_SBayesRC_raw	EUR	lh_8Av	-0.0253924767576538	0.0156478132270492	-1.62274922311571	0.104721151819398	4308	-0.0134420093711914	0.0150029726050366	-0.895956403111663	0.370329888957804	0.265320248055488	score_SCZ25EUR_sbrc.profile	0.999999948257751
SCZ25_EUR_SBayesRC_raw	EUR	lh_8BL	-0.0270289097650376	0.015648027514491	-1.72730459094651	0.0841894931825205	4308	-0.012554869263885	0.0147125052018766	-0.853346802030944	0.39351838280115	0.340432744477878	score_SCZ25EUR_sbrc.profile	0.999999948257751
SCZ25_EUR_SBayesRC_raw	EUR	lh_8BM	-0.0107932455977104	0.0153977281630557	-0.700963511202058	0.483366398101076	4308	0.0067403229024696	0.0141683200528383	0.475731976503404	0.634291834000384	0.411806868970419	score_SCZ25EUR_sbrc.profile	0.999999948257751
SCZ25_EUR_SBayesRC_raw	EUR	lh_8C	-0.0207346486660216	0.0151403512413152	-1.36949588127391	0.170925785722644	4308	-0.00152624146447976	0.0136665452634271	-0.111677196764871	0.911085375086592	0.464709910701439	score_SCZ25EUR_sbrc.profile	0.999999948257751
SCZ25_EUR_SBayesRC_raw	EUR	lh_9-46d	-0.018131754211972	0.015440016507113	-1.17433515719487	0.240331901177491	4308	0.00218480891801876	0.0137885787102999	0.158450625254562	0.874109808800659	0.475926933779479	score_SCZ25EUR_sbrc.profile	0.999999948257751
SCZ25_EUR_SBayesRC_raw	EUR	lh_9a	-0.00771920874897114	0.0155497183100441	-0.496421130920748	0.619625130730792	4308	0.0121341164613961	0.0138576882640226	0.875623425077239	0.381289260628283	0.448672017036501	score_SCZ25EUR_sbrc.profile	0.999999948257751
SCZ25_EUR_SBayesRC_raw	EUR	lh_9m	-0.0210708074491466	0.0155004692315031	-1.35936578012248	0.174107058960434	4308	-0.00111037484901365	0.0137588626475583	-0.0807025171670493	0.935682637520414	0.468491262758361	score_SCZ25EUR_sbrc.profile	0.999999948257751
SCZ25_EUR_SBayesRC_raw	EUR	lh_9p	-0.0138051439052272	0.0153088912224816	-0.901772943879432	0.36723702207047	4308	0.00517679709741388	0.0138730828193774	0.373154054135908	0.709055748905181	0.43978209368786	score_SCZ25EUR_sbrc.profile	0.999999948257751
SCZ25_EUR_SBayesRC_raw	EUR	lh_A1	-0.0101362532700415	0.0152166951553184	-0.666127116734593	0.505370366951618	4308	0.00379890693467145	0.0144332296815005	0.263205603908639	0.792406529283894	0.34929027866416	score_SCZ25EUR_sbrc.profile	0.999999948257751
SCZ25_EUR_SBayesRC_raw	EUR	lh_A4	-0.0343945163437344	0.0152888904203359	-2.24964110528164	0.0245284742489214	4308	-0.016232618604537	0.0137073413463871	-1.18422808583632	0.236399946536794	0.455812567735024	score_SCZ25EUR_sbrc.profile	0.999999948257751
SCZ25_EUR_SBayesRC_raw	EUR	lh_A5	-0.0181585238722536	0.0155548080198816	-1.16738977742728	0.243122205313686	4308	-0.000667006124955027	0.0142617296919094	-0.0467689501458869	0.962699732174505	0.416394642278156	score_SCZ25EUR_sbrc.profile	0.999999948257751
SCZ25_EUR_SBayesRC_raw	EUR	lh_AAIC	0.0120154986512716	0.0154999710374541	0.775194909863854	0.43827107078507	4308	0.0177990042535142	0.0153932851606286	1.15628366965089	0.247635267126649	0.142801468053801	score_SCZ25EUR_sbrc.profile	0.999999948257751
SCZ25_EUR_SBayesRC_raw	EUR	lh_AIP	-0.0278876306884012	0.0152802355445857	-1.8250785864543	0.0680651494026618	4308	-0.00928711020696433	0.0138691590023598	-0.669623169320081	0.503137459683513	0.446865906547636	score_SCZ25EUR_sbrc.profile	0.999999948257751
SCZ25_EUR_SBayesRC_raw	EUR	lh_AVI	-0.00370503867915496	0.0154129728129358	-0.240384429669882	0.81004512680762	4308	0.00831191845023577	0.0148026322460904	0.561516243331053	0.574478699120442	0.296148670279276	score_SCZ25EUR_sbrc.profile	0.999999948257751
SCZ25_EUR_SBayesRC_raw	EUR	lh_DVT	-0.00634262743684614	0.0154500537160163	-0.410524620394754	0.681443444589889	4308	0.0131781712248671	0.0139174641634851	0.946880198150055	0.343757705135921	0.452601061295667	score_SCZ25EUR_sbrc.profile	0.999999948257751
SCZ25_EUR_SBayesRC_raw	EUR	lh_EC	-0.00496963200082424	0.0153960751561015	-0.322785641823445	0.74687486576826	4308	-0.00192028496537698	0.0153758064353591	-0.124890032496831	0.900617042898584	0.0790569408421358	score_SCZ25EUR_sbrc.profile	0.999999948257751
SCZ25_EUR_SBayesRC_raw	EUR	lh_FEF	0.000677093925053361	0.015280105750264	0.0443121229734725	0.964657987098979	4308	0.0172548085500552	0.0141714877224946	1.21757213412862	0.22346389502032	0.391446047770937	score_SCZ25EUR_sbrc.profile	0.999999948257751
SCZ25_EUR_SBayesRC_raw	EUR	lh_FFC	-0.00521797500137055	0.0151958112660903	-0.343382456520407	0.731329161738875	4308	0.0134358514595477	0.0138086446171956	0.973002914624675	0.330612299936814	0.454415189778933	score_SCZ25EUR_sbrc.profile	0.999999948257751
SCZ25_EUR_SBayesRC_raw	EUR	lh_FOP1	0.00441139487512305	0.0152416097268537	0.289431034790948	0.772267003520661	4308	0.0162754661817969	0.0146942015707107	1.10761146861073	0.268098677350246	0.31261905766782	score_SCZ25EUR_sbrc.profile	0.999999948257751
SCZ25_EUR_SBayesRC_raw	EUR	lh_FOP2	-0.00455926365241186	0.0152966612689933	-0.298056129519819	0.765676312853672	4308	0.00676415587527024	0.0147943053803574	0.457213481901698	0.647543524730774	0.289047228682181	score_SCZ25EUR_sbrc.profile	0.999999948257751
SCZ25_EUR_SBayesRC_raw	EUR	lh_FOP3	-0.0191601913232523	0.0153701753867136	-1.24658247815539	0.212626159999178	4308	-0.0094470638655768	0.0149797534781424	-0.630655496391274	0.528303530998903	0.235002980606893	score_SCZ25EUR_sbrc.profile	0.999999948257751
SCZ25_EUR_SBayesRC_raw	EUR	lh_FOP4	-0.000641837128127485	0.0152722906905435	-0.0420262514073874	0.966479932231586	4308	0.0136453773370949	0.0144678535789385	0.94315146767583	0.345662841481101	0.352023938770187	score_SCZ25EUR_sbrc.profile	0.999999948257751
SCZ25_EUR_SBayesRC_raw	EUR	lh_FOP5	-0.00723777231964579	0.0154158720732875	-0.469501322094344	0.638738144184704	4308	0.00596168090607128	0.0147564394317161	0.404005379052199	0.686231422379243	0.315013767486872	score_SCZ25EUR_sbrc.profile	0.999999948257751
SCZ25_EUR_SBayesRC_raw	EUR	lh_FST	-0.00777796767319371	0.0153781149438792	-0.505781605975672	0.613039085408929	4308	0.00838671555956377	0.0143202874539905	0.585652738222563	0.558144103836288	0.378285173270094	score_SCZ25EUR_sbrc.profile	0.999999948257751
SCZ25_EUR_SBayesRC_raw	EUR	lh_IFJa	-0.0237283769195152	0.015147542031909	-1.56648364926338	0.117318509311706	4308	-0.0106853914273067	0.0144678968499102	-0.738558723369183	0.460220740168752	0.3425093729145	score_SCZ25EUR_sbrc.profile	0.999999948257751
SCZ25_EUR_SBayesRC_raw	EUR	lh_IFJp	0.00317217472398056	0.0154284737169622	0.205605219425758	0.837110147033135	4308	0.0158677607868346	0.0148074766389856	1.07160464768571	0.283964894320412	0.289854749377563	score_SCZ25EUR_sbrc.profile	0.999999948257751
SCZ25_EUR_SBayesRC_raw	EUR	lh_IFSa	-0.0221557143311705	0.0153815853610926	-1.44040512151712	0.149832243284487	4308	-0.00467580579837538	0.0141041994234445	-0.331518695815027	0.74027072613428	0.424166436864371	score_SCZ25EUR_sbrc.profile	0.999999948257751
SCZ25_EUR_SBayesRC_raw	EUR	lh_IFSp	-0.0125884158753445	0.0151904637448305	-0.82870517232422	0.407323229146843	4308	0.00491821579496188	0.0139937846634167	0.351457158535484	0.725264933610068	0.424304815609509	score_SCZ25EUR_sbrc.profile	0.999999948257751
SCZ25_EUR_SBayesRC_raw	EUR	lh_IP0	-0.00156399143627568	0.0154574280385214	-0.101180573661936	0.919412304983478	4308	0.0155190161068542	0.0142563500507531	1.08856867652702	0.276411772590199	0.401612277515423	score_SCZ25EUR_sbrc.profile	0.999999948257751
SCZ25_EUR_SBayesRC_raw	EUR	lh_IP1	-0.00640524862656459	0.0154516830379154	-0.414534042074729	0.678505725300492	4308	0.0116083314602483	0.0139399441129827	0.832738737412667	0.405044229859495	0.446280222397866	score_SCZ25EUR_sbrc.profile	0.999999948257751
SCZ25_EUR_SBayesRC_raw	EUR	lh_IP2	-0.008058992709073	0.0153383648645361	-0.525414069899084	0.599326383507504	4308	0.00961425802247259	0.0141157735834458	0.681100328341034	0.495849759208209	0.412763968042414	score_SCZ25EUR_sbrc.profile	0.999999948257751
SCZ25_EUR_SBayesRC_raw	EUR	lh_IPS1	-0.0214004666027717	0.0154304282942854	-1.38690036301178	0.165551658775898	4308	-0.00398855714284716	0.0142704368386246	-0.279497901006902	0.779877536069164	0.395398931868822	score_SCZ25EUR_sbrc.profile	0.999999948257751
SCZ25_EUR_SBayesRC_raw	EUR	lh_Ig	0.0010131191353199	0.0152330558558559	0.0665079380596134	0.946976924088698	4308	0.0123152240370585	0.0147346312049089	0.835801308210252	0.403319679062926	0.287794578935128	score_SCZ25EUR_sbrc.profile	0.999999948257751
SCZ25_EUR_SBayesRC_raw	EUR	lh_LBelt	-0.0125293265477248	0.015324770584382	-0.817586565406324	0.413643783154781	4308	0.00217185857009581	0.0144649415892647	0.15014637678922	0.880657146747873	0.352965301665063	score_SCZ25EUR_sbrc.profile	0.999999948257751
SCZ25_EUR_SBayesRC_raw	EUR	lh_LIPd	-0.018475782827689	0.0154322975525018	-1.19721530542248	0.231297012016995	4308	-0.00329504149749823	0.0144879717887211	-0.227432904035845	0.820099430293601	0.350124958105932	score_SCZ25EUR_sbrc.profile	0.999999948257751
SCZ25_EUR_SBayesRC_raw	EUR	lh_LIPv	-0.0184264361656615	0.0155496566461397	-1.18500598341095	0.236087255437664	4308	-0.00355063073648355	0.0146851939179731	-0.24178303373563	0.808961011219084	0.323226646699657	score_SCZ25EUR_sbrc.profile	0.999999948257751
SCZ25_EUR_SBayesRC_raw	EUR	lh_LO1	-0.0103327807145088	0.0154676827731491	-0.668023831756226	0.504158717736314	4308	0.00510160846317051	0.0144950935089336	0.351954160214716	0.724892192152872	0.347063510155467	score_SCZ25EUR_sbrc.profile	0.999999948257751
SCZ25_EUR_SBayesRC_raw	EUR	lh_LO2	-0.0265773361575638	0.01543254422241	-1.72216167175922	0.0851187139240053	4308	-0.0112386003208065	0.0144199126780959	-0.779380608724359	0.435802874494942	0.378082755767605	score_SCZ25EUR_sbrc.profile	0.999999948257751
SCZ25_EUR_SBayesRC_raw	EUR	lh_LO3	-0.0243297754170893	0.0153990968088286	-1.57994820859497	0.114203195362556	4308	-0.00873900303241278	0.0144678420548312	-0.60402947442287	0.545860519819736	0.364537331475495	score_SCZ25EUR_sbrc.profile	0.999999948257751
SCZ25_EUR_SBayesRC_raw	EUR	lh_MBelt	-0.00621516499428175	0.0151879001969789	-0.409218187746457	0.682402218752061	4308	0.00871982113181529	0.0143096348697775	0.609367129990988	0.542317371360502	0.370956280753133	score_SCZ25EUR_sbrc.profile	0.999999948257751
SCZ25_EUR_SBayesRC_raw	EUR	lh_MI	-0.0100616502238465	0.0153882077610752	-0.653854586581398	0.513243963827129	4308	0.00125963154216997	0.0148430194164727	0.0848635649409741	0.932374252231897	0.288467949809925	score_SCZ25EUR_sbrc.profile	0.999999948257751
SCZ25_EUR_SBayesRC_raw	EUR	lh_MIP	-0.0266232958687909	0.0153667676852313	-1.7325241335156	0.0832594008873721	4308	-0.0109587563981127	0.0143966633000122	-0.761201131799992	0.446583024635529	0.365047542865385	score_SCZ25EUR_sbrc.profile	0.999999948257751
SCZ25_EUR_SBayesRC_raw	EUR	lh_MST	-0.0133606531299803	0.0154874695023042	-0.862675024347431	0.38836938988062	4308	0.00161813409765715	0.0146274211013334	0.110623334519961	0.911920740015508	0.335414095356743	score_SCZ25EUR_sbrc.profile	0.999999948257751
SCZ25_EUR_SBayesRC_raw	EUR	lh_MT	-0.018983831039318	0.01550418981114	-1.22443231607483	0.220863365866108	4308	-0.00380156765190482	0.0145477834202141	-0.261315936737315	0.793862793132444	0.339308659996192	score_SCZ25EUR_sbrc.profile	0.999999948257751
SCZ25_EUR_SBayesRC_raw	EUR	lh_OFC	-0.0244162613124461	0.0154122845300487	-1.58420779637456	0.113228657344859	4308	-0.016291062899327	0.0151685975929191	-1.07399928039042	0.282890427637988	0.195974013792402	score_SCZ25EUR_sbrc.profile	0.999999948257751
SCZ25_EUR_SBayesRC_raw	EUR	lh_OP1	-0.0139433826261546	0.015290366797905	-0.911906353225292	0.361873917696871	4308	-0.000204627990912375	0.0145339587162079	-0.0140793017861114	0.988767435226439	0.345675139014824	score_SCZ25EUR_sbrc.profile	0.999999948257751
SCZ25_EUR_SBayesRC_raw	EUR	lh_OP2-3	-0.00945290299841775	0.0152312778073195	-0.620624422848823	0.534884898176683	4308	0.00045902651335973	0.0148133705061323	0.0309873106306028	0.975281099915881	0.264342358557675	score_SCZ25EUR_sbrc.profile	0.999999948257751
SCZ25_EUR_SBayesRC_raw	EUR	lh_OP4	-0.0034463291698488	0.0150522164889028	-0.228958251589698	0.818913654772683	4308	0.0121850803439269	0.0139639913024816	0.87260727108598	0.382933535839899	0.418075341616798	score_SCZ25EUR_sbrc.profile	0.999999948257751
SCZ25_EUR_SBayesRC_raw	EUR	lh_PBelt	-0.0484419066942283	0.0152474661035624	-3.17704636070058	0.00149968020141132	4308	-0.0335590700592484	0.0143848969608055	-2.33293781322777	0.019703255452266	0.370920194947399	score_SCZ25EUR_sbrc.profile	0.999999948257751
SCZ25_EUR_SBayesRC_raw	EUR	lh_PCV	-0.0147510744992109	0.0153170000702676	-0.96305245358357	0.335580666283308	4308	0.00402143944384902	0.0139513458850221	0.288247419065595	0.773172781838647	0.436770555495141	score_SCZ25EUR_sbrc.profile	0.999999948257751
SCZ25_EUR_SBayesRC_raw	EUR	lh_PEF	-0.0159098223364862	0.0153552277637575	-1.0361176389736	0.300214466432185	4308	-0.00375917086111874	0.014823384168585	-0.253597344463722	0.799820622846168	0.272122266810266	score_SCZ25EUR_sbrc.profile	0.999999948257751
SCZ25_EUR_SBayesRC_raw	EUR	lh_PF	-0.0426738053278905	0.0155882299720778	-2.73756580473404	0.00621714265518267	4308	-0.0231363260281396	0.0139951480044377	-1.65316765644804	0.0983765522472138	0.449674290745448	score_SCZ25EUR_sbrc.profile	0.999999948257751
SCZ25_EUR_SBayesRC_raw	EUR	lh_PFcm	-0.0164357886801997	0.0152857358026463	-1.07523699823166	0.282334995741879	4308	0.000775554518090408	0.0140457026664384	0.0552164983488907	0.955968846104303	0.42024594251272	score_SCZ25EUR_sbrc.profile	0.999999948257751
SCZ25_EUR_SBayesRC_raw	EUR	lh_PFm	-0.0318648075013504	0.0155740013214153	-2.04602573505206	0.0408233505806274	4308	-0.0109814272684119	0.0137734119296943	-0.797291718600018	0.425332478048599	0.471210317524855	score_SCZ25EUR_sbrc.profile	0.999999948257751
SCZ25_EUR_SBayesRC_raw	EUR	lh_PFop	-0.0130088270299417	0.0153877282624261	-0.845402700651189	0.397938440958348	4308	0.000993603829703358	0.0146432274681207	0.0678541552309082	0.945905252348113	0.337611256696284	score_SCZ25EUR_sbrc.profile	0.999999948257751
SCZ25_EUR_SBayesRC_raw	EUR	lh_PFt	-0.0181169166133342	0.0151296982803074	-1.19744070751992	0.23121390555272	4308	-0.00124464035207289	0.0140086863973715	-0.0888477560827137	0.929207819223992	0.412489787326263	score_SCZ25EUR_sbrc.profile	0.999999948257751
SCZ25_EUR_SBayesRC_raw	EUR	lh_PGi	0.0100786758127932	0.0151969080082069	0.66320568679828	0.50723918328996	4308	0.0304000378238657	0.0135466684004009	2.24409699310024	0.024883351474569	0.480786225476741	score_SCZ25EUR_sbrc.profile	0.999999948257751
SCZ25_EUR_SBayesRC_raw	EUR	lh_PGp	-0.0264851894054855	0.0154351717796294	-1.7158985843254	0.0862625015957617	4308	-0.00943410339489967	0.014217717523842	-0.663545564123031	0.507022051955595	0.403347448980207	score_SCZ25EUR_sbrc.profile	0.999999948257751
SCZ25_EUR_SBayesRC_raw	EUR	lh_PGs	-0.0061603305059834	0.0153852088705535	-0.400406036591024	0.688880100633968	4308	0.013094342905435	0.0136689453793386	0.957962925598331	0.338145166615092	0.459901511606145	score_SCZ25EUR_sbrc.profile	0.999999948257751
SCZ25_EUR_SBayesRC_raw	EUR	lh_PH	-0.0167646747522348	0.0152845307917584	-1.09683934565231	0.272781283862292	4308	0.0022522973128175	0.0137888737880954	0.163341643953694	0.87025825037139	0.455842578725857	score_SCZ25EUR_sbrc.profile	0.999999948257751
SCZ25_EUR_SBayesRC_raw	EUR	lh_PHA1	-0.0211653134540015	0.0152644019620459	-1.38657993327403	0.165652845334211	4308	-0.0146620658372862	0.0151297293093123	-0.969089766084692	0.332563150510214	0.17991824270187	score_SCZ25EUR_sbrc.profile	0.999999948257751
SCZ25_EUR_SBayesRC_raw	EUR	lh_PHA2	0.000848274521660228	0.0154365819455056	0.0549522248289692	0.956179351703103	4308	0.0117587607131145	0.0149583690980021	0.78609911522273	0.431857564033479	0.272338878423797	score_SCZ25EUR_sbrc.profile	0.999999948257751
SCZ25_EUR_SBayesRC_raw	EUR	lh_PHA3	-0.0393458071977173	0.0152424014894826	-2.5813391167308	0.00987819112191892	4308	-0.0275891332844469	0.0146745987319617	-1.88006049012823	0.0601758571321326	0.315442570446847	score_SCZ25EUR_sbrc.profile	0.999999948257751
SCZ25_EUR_SBayesRC_raw	EUR	lh_PHT	-0.00817403133403166	0.0154956358230334	-0.527505384572954	0.5978732117978	4308	0.00930881125195318	0.0142394392458737	0.653734398610582	0.513322576667264	0.412515993986259	score_SCZ25EUR_sbrc.profile	0.999999948257751
SCZ25_EUR_SBayesRC_raw	EUR	lh_PI	-0.00879745544893064	0.0154410327342949	-0.569745275482208	0.568882688534367	4308	0.00227746476901429	0.0149805905655361	0.152027702716457	0.879172824258393	0.272501995732927	score_SCZ25EUR_sbrc.profile	0.999999948257751
SCZ25_EUR_SBayesRC_raw	EUR	lh_PIT	-0.0214720091160015	0.0152851809003302	-1.4047598949606	0.160172882485404	4308	-0.00687363419838658	0.0144427887160559	-0.475921536589762	0.634157193200391	0.359031759759445	score_SCZ25EUR_sbrc.profile	0.999999948257751
SCZ25_EUR_SBayesRC_raw	EUR	lh_POS1	-0.00462337846755844	0.015262786278241	-0.302918378287825	0.761968283078876	4308	0.0118903282148587	0.014066534555127	0.845291935142967	0.398000454307302	0.420988783251992	score_SCZ25EUR_sbrc.profile	0.999999948257751
SCZ25_EUR_SBayesRC_raw	EUR	lh_POS2	-0.00382220452887777	0.0153593311679173	-0.248852276644808	0.803488126656089	4308	0.0169245686391884	0.0135852350440532	1.24580609642061	0.212910452486725	0.493929924289447	score_SCZ25EUR_sbrc.profile	0.999999948257751
SCZ25_EUR_SBayesRC_raw	EUR	lh_PSL	-0.0267724100373645	0.0155533362371739	-1.72132908522713	0.0852724633535383	4308	-0.010104699552561	0.0144208571293167	-0.700700344088341	0.483533307237841	0.366097451694628	score_SCZ25EUR_sbrc.profile	0.999999948257751
SCZ25_EUR_SBayesRC_raw	EUR	lh_PeEc	-0.0104170034019013	0.0155570607798687	-0.669599710980187	0.503151612602562	4308	7.25194490850242e-05	0.0151009779644625	0.00480230149700808	0.996168573561809	0.251452473054704	score_SCZ25EUR_sbrc.profile	0.999999948257751
SCZ25_EUR_SBayesRC_raw	EUR	lh_Pir	0.00817319241326326	0.015542872146381	0.525848268987164	0.599022983516653	4308	0.0133059531750727	0.0154662344039533	0.860322740981576	0.389663010762905	0.118405863042417	score_SCZ25EUR_sbrc.profile	0.999999948257751
SCZ25_EUR_SBayesRC_raw	EUR	lh_PoI1	-0.012909229069877	0.0154367800404398	-0.836264365758833	0.403057120745204	4308	-0.00618822290477156	0.0152843409594513	-0.404873387814931	0.68559268917783	0.176429447003553	score_SCZ25EUR_sbrc.profile	0.999999948257751
SCZ25_EUR_SBayesRC_raw	EUR	lh_PoI2	0.021897512821598	0.0154896332492621	1.4136882693876	0.157533107854654	4308	0.0290393281694356	0.0153015533990433	1.89780262252663	0.0577958245709684	0.177329581269781	score_SCZ25EUR_sbrc.profile	0.999999948257751
SCZ25_EUR_SBayesRC_raw	EUR	lh_PreS	0.0021039325954697	0.0154027345018337	0.13659474525249	0.891358231862859	4308	0.00352230500030546	0.0154082608851335	0.228598478865575	0.819193094298401	0.0657089014943786	score_SCZ25EUR_sbrc.profile	0.999999948257751
SCZ25_EUR_SBayesRC_raw	EUR	lh_ProS	-0.0123871631906857	0.0153396844430722	-0.807523990252615	0.419414866197474	4308	-0.00322255949648335	0.0150332488765228	-0.214362146396444	0.830276090720578	0.238799869153086	score_SCZ25EUR_sbrc.profile	0.999999948257751
SCZ25_EUR_SBayesRC_raw	EUR	lh_RI	0.00806574381596936	0.0152358901897822	0.529391044139882	0.596565162619848	4308	0.0225854972081823	0.0143498528528596	1.57391838367747	0.115591591266108	0.362756028835926	score_SCZ25EUR_sbrc.profile	0.999999948257751
SCZ25_EUR_SBayesRC_raw	EUR	lh_RSC	-0.0307560407347029	0.0154018192007334	-1.99690960748575	0.0459020884895852	4308	-0.0249225181367637	0.0152741601068829	-1.63167846627017	0.102825500408336	0.180549418871386	score_SCZ25EUR_sbrc.profile	0.999999948257751
SCZ25_EUR_SBayesRC_raw	EUR	lh_SCEF	-0.0147684054481364	0.0152514905623657	-0.968325383525373	0.3329406914484	4308	0.00297015062940082	0.0139815207236054	0.212434018310056	0.831779443426054	0.437396430663915	score_SCZ25EUR_sbrc.profile	0.999999948257751
SCZ25_EUR_SBayesRC_raw	EUR	lh_SFL	-0.0197716595313188	0.0156224078744528	-1.26559616739051	0.20573181355843	4308	-0.00513187325434678	0.0146447813033651	-0.350423345220429	0.726040153580509	0.341965437715218	score_SCZ25EUR_sbrc.profile	0.999999948257751
SCZ25_EUR_SBayesRC_raw	EUR	lh_STGa	-0.021128993909915	0.0153216212254256	-1.37903121341052	0.167968697074058	4308	-0.00722137572290228	0.0145374183518632	-0.496744026216782	0.619399489063049	0.332914144435877	score_SCZ25EUR_sbrc.profile	0.999999948257751
SCZ25_EUR_SBayesRC_raw	EUR	lh_STSda	-0.00397871848907245	0.0153438364476004	-0.259304021041927	0.795414195357965	4308	0.0124215548391698	0.0142461860589908	0.871921424283979	0.383304752807852	0.403112166688566	score_SCZ25EUR_sbrc.profile	0.999999948257751
SCZ25_EUR_SBayesRC_raw	EUR	lh_STSdp	-0.0338844990279311	0.0153040295089254	-2.21409002172725	0.0268806824985842	4308	-0.0174899307483232	0.0141687544046692	-1.23440143352047	0.217129966831228	0.403667019892484	score_SCZ25EUR_sbrc.profile	0.999999948257751
SCZ25_EUR_SBayesRC_raw	EUR	lh_STSva	-0.019401113043851	0.0152663949160439	-1.27083788612476	0.20386280393373	4308	-0.00391706494977113	0.014322149565832	-0.27349700069576	0.784485969144345	0.384239666917708	score_SCZ25EUR_sbrc.profile	0.999999948257751
SCZ25_EUR_SBayesRC_raw	EUR	lh_STSvp	-0.0278048611288656	0.0153421940250018	-1.81231322479395	0.0700147564258889	4308	-0.0101201300386913	0.014003282604997	-0.722696979283981	0.46991056702239	0.431673263446677	score_SCZ25EUR_sbrc.profile	0.999999948257751
SCZ25_EUR_SBayesRC_raw	EUR	lh_STV	-0.0293167454950732	0.0154793101847839	-1.89393100500638	0.0583099045495207	4308	-0.0135427216346174	0.014519029627731	-0.932756663623794	0.351004352228633	0.34984410867579	score_SCZ25EUR_sbrc.profile	0.999999948257751
SCZ25_EUR_SBayesRC_raw	EUR	lh_TA2	0.00350788179671608	0.0153528403305763	0.22848422319158	0.81928181997134	4308	0.0144816047581793	0.0148744221413086	0.973591082773	0.330320683298555	0.27229468742058	score_SCZ25EUR_sbrc.profile	0.999999948257751
SCZ25_EUR_SBayesRC_raw	EUR	lh_TE1a	-0.0100565009011616	0.0155823892768265	-0.645376053858262	0.518721884384877	4308	0.00395551984830816	0.0147780383745504	0.26766203660156	0.788974162534178	0.323008568708644	score_SCZ25EUR_sbrc.profile	0.999999948257751
SCZ25_EUR_SBayesRC_raw	EUR	lh_TE1m	-0.0147069064349215	0.015230073026408	-0.96564910814417	0.33427417361944	4308	-0.000779869042183703	0.0145004390167087	-0.0537824435029222	0.957110999823323	0.334685908982815	score_SCZ25EUR_sbrc.profile	0.999999948257751
SCZ25_EUR_SBayesRC_raw	EUR	lh_TE1p	0.000156458325508105	0.0153890016732211	0.0101668924879229	0.991888680678683	4308	0.0185935352596735	0.0139250218642342	1.33526075872312	0.18187401662022	0.430855266952101	score_SCZ25EUR_sbrc.profile	0.999999948257751
SCZ25_EUR_SBayesRC_raw	EUR	lh_TE2a	0.0101981317299894	0.0152610438539098	0.668246014336475	0.504016805026215	4308	0.0258176117782081	0.0142507290271256	1.81166954540119	0.0701159351914245	0.39107104942868	score_SCZ25EUR_sbrc.profile	0.999999948257751
SCZ25_EUR_SBayesRC_raw	EUR	lh_TE2p	-0.0150575563401438	0.0152856518781163	-0.985077801078341	0.324647771174214	4308	0.00104675300054034	0.0142768563518703	0.0733181713636288	0.941556775664443	0.388379156968689	score_SCZ25EUR_sbrc.profile	0.999999948257751
SCZ25_EUR_SBayesRC_raw	EUR	lh_TF	-0.00802612321290957	0.0151418916232505	-0.530060801689098	0.596099710716544	4308	0.003966289797112	0.0145792279244916	0.272050743541024	0.785597397774205	0.32190061627573	score_SCZ25EUR_sbrc.profile	0.999999948257751
SCZ25_EUR_SBayesRC_raw	EUR	lh_TGd	-0.0123397026434274	0.0154547573349717	-0.798440400969908	0.424663214157474	4308	0.00080139623739289	0.014805153227703	0.0541295469940385	0.956834694754473	0.308964525642158	score_SCZ25EUR_sbrc.profile	0.999999948257751
SCZ25_EUR_SBayesRC_raw	EUR	lh_TGv	-0.0172298481800082	0.0154207349690787	-1.11731692520215	0.263927123666128	4308	-0.00440704344073719	0.0146902135476029	-0.299998596103207	0.764194251267512	0.317805732402296	score_SCZ25EUR_sbrc.profile	0.999999948257751
SCZ25_EUR_SBayesRC_raw	EUR	lh_TPOJ1	-0.0381675941820852	0.015361774682198	-2.48458234622565	0.0130122321938716	4308	-0.0205519037030277	0.0141523707745094	-1.4521880489483	0.146531255373501	0.401022329893938	score_SCZ25EUR_sbrc.profile	0.999999948257751
SCZ25_EUR_SBayesRC_raw	EUR	lh_TPOJ2	-0.00711068403468574	0.015372588220103	-0.462556072723458	0.643708589543796	4308	0.0107833829920635	0.0141256849776196	0.763388324824489	0.44527867634202	0.408379055908798	score_SCZ25EUR_sbrc.profile	0.999999948257751
SCZ25_EUR_SBayesRC_raw	EUR	lh_TPOJ3	-0.0112682028276208	0.0153600637786398	-0.733603908812591	0.463235390921103	4308	0.00401024078245118	0.0144402302946145	0.277713076636099	0.781247707038083	0.355242849608638	score_SCZ25EUR_sbrc.profile	0.999999948257751
SCZ25_EUR_SBayesRC_raw	EUR	lh_V1	0.0025682590645246	0.0155424783695143	0.165241282854997	0.868762417569401	4308	0.0141734393853974	0.0150360354775632	0.942631414148167	0.345926441087565	0.264518537926804	score_SCZ25EUR_sbrc.profile	0.999999948257751
SCZ25_EUR_SBayesRC_raw	EUR	lh_V2	-0.0229140377143498	0.0153851660853275	-1.48935913900874	0.136472952078914	4308	-0.00282919821956486	0.0137407511760369	-0.205898366349784	0.836881008341599	0.457956396422159	score_SCZ25EUR_sbrc.profile	0.999999948257751
SCZ25_EUR_SBayesRC_raw	EUR	lh_V3	-0.00688075340710035	0.0152482796761977	-0.451247849148589	0.651835740598851	4308	0.013934475406125	0.0135881157566947	1.02548989540802	0.30519404020777	0.49424777815183	score_SCZ25EUR_sbrc.profile	0.999999948257751
SCZ25_EUR_SBayesRC_raw	EUR	lh_V3A	-0.0379588205164312	0.015513774697542	-2.44678173149218	0.0144573109001	4308	-0.019144417854142	0.0141419262979139	-1.3537348060544	0.175898460055868	0.421799774925794	score_SCZ25EUR_sbrc.profile	0.999999948257751
SCZ25_EUR_SBayesRC_raw	EUR	lh_V3B	-0.0298116236923633	0.0155308681968749	-1.91950786745856	0.0549923190672152	4308	-0.0137519925997279	0.0145419296180979	-0.945678665822526	0.344370512786972	0.353361311985702	score_SCZ25EUR_sbrc.profile	0.999999948257751
SCZ25_EUR_SBayesRC_raw	EUR	lh_V3CD	-0.025121154656233	0.0154627184832474	-1.62462730492375	0.104325040694009	4308	-0.00983102498807023	0.0144089504963446	-0.682285985406379	0.495100325058621	0.357834359402979	score_SCZ25EUR_sbrc.profile	0.999999948257751
SCZ25_EUR_SBayesRC_raw	EUR	lh_V4	-0.0249868865197578	0.0153621866095513	-1.62651887747688	0.103919759815314	4308	-0.00110056002410067	0.0131106103558583	-0.0839442248856781	0.933105008769745	0.54554088745872	score_SCZ25EUR_sbrc.profile	0.999999948257751
SCZ25_EUR_SBayesRC_raw	EUR	lh_V4t	-0.0209867394514519	0.0154237305523165	-1.3606785582947	0.173695633250553	4308	-0.00799955967105519	0.0147718241156796	-0.541541762778237	0.58816592624129	0.297900081471423	score_SCZ25EUR_sbrc.profile	0.999999948257751
SCZ25_EUR_SBayesRC_raw	EUR	lh_V6	-0.0225899359290488	0.0153913285628567	-1.46770539247432	0.142267464804248	4308	-0.00251487170205454	0.0138009241247334	-0.182224877068015	0.855415941162359	0.454045486324163	score_SCZ25EUR_sbrc.profile	0.999999948257751
SCZ25_EUR_SBayesRC_raw	EUR	lh_V6A	-0.0134477229786577	0.0155663710481462	-0.86389582626962	0.387699587344365	4308	0.00183146276813504	0.0144929161518824	0.126369513832947	0.899446262952491	0.359460022194809	score_SCZ25EUR_sbrc.profile	0.999999948257751
SCZ25_EUR_SBayesRC_raw	EUR	lh_V7	-0.0206318435455217	0.0154544315500276	-1.3350114806057	0.18195163993	4308	-0.00414210382606648	0.0143198214229474	-0.289256667644526	0.772400688916178	0.368714305758931	score_SCZ25EUR_sbrc.profile	0.999999948257751
SCZ25_EUR_SBayesRC_raw	EUR	lh_V8	-0.0108156136586836	0.0154007110486478	-0.70228014956707	0.48254676005812	4308	0.00395464132088506	0.0145310512939679	0.272151081217826	0.785520485397412	0.353459959084332	score_SCZ25EUR_sbrc.profile	0.999999948257751
SCZ25_EUR_SBayesRC_raw	EUR	lh_VIP	0.00624475286068162	0.0154393653108268	0.404469531937463	0.685890460610926	4308	0.0220761709500641	0.0144305916615172	1.52981745086279	0.126146997153088	0.359170434016568	score_SCZ25EUR_sbrc.profile	0.999999948257751
SCZ25_EUR_SBayesRC_raw	EUR	lh_VMV1	0.00508401095953866	0.0154543940432738	0.328968638000489	0.742196886080738	4308	0.0149642232642013	0.0150554968576436	0.993937523662933	0.320314784121209	0.248306329291578	score_SCZ25EUR_sbrc.profile	0.999999948257751
SCZ25_EUR_SBayesRC_raw	EUR	lh_VMV2	-0.0177866644055611	0.0153872780082233	-1.15593312839707	0.247780490513436	4308	-0.00484100593651964	0.0147224617242276	-0.328817695518486	0.74231172314006	0.306878149864993	score_SCZ25EUR_sbrc.profile	0.999999948257751
SCZ25_EUR_SBayesRC_raw	EUR	lh_VMV3	-0.0335856987905928	0.0152268503344518	-2.20568916439685	0.0274651403642987	4308	-0.0198833054438148	0.0144893146645494	-1.37227369990541	0.170059579205016	0.34371869022402	score_SCZ25EUR_sbrc.profile	0.999999948257751
SCZ25_EUR_SBayesRC_raw	EUR	lh_VVC	0.00853872071802951	0.0152692863903835	0.559208891609181	0.576051172873778	4308	0.0201409562844631	0.0147492992835319	1.36555343391473	0.172158021563985	0.300279805271293	score_SCZ25EUR_sbrc.profile	0.999999948257751
SCZ25_EUR_SBayesRC_raw	EUR	lh_a10p	-0.0173679923772907	0.0154744363980643	-1.12236671698513	0.261775838421074	4308	-0.00292672030630885	0.0146525394398616	-0.19974150680986	0.841693292512426	0.332640309537052	score_SCZ25EUR_sbrc.profile	0.999999948257751
SCZ25_EUR_SBayesRC_raw	EUR	lh_a24	0.00751696162879649	0.0154923719695308	0.485204050327496	0.627559440736678	4308	0.0198466427462323	0.0148927745467034	1.3326356807453	0.182731960601348	0.258886956828006	score_SCZ25EUR_sbrc.profile	0.999999948257751
SCZ25_EUR_SBayesRC_raw	EUR	lh_a24pr	-0.0244817268920856	0.0154128420040378	-1.58839796616821	0.112279313703342	4308	-0.0145657879290684	0.0149604740334449	-0.973618074969134	0.330309057677981	0.239735278787364	score_SCZ25EUR_sbrc.profile	0.999999948257751
SCZ25_EUR_SBayesRC_raw	EUR	lh_a32pr	-0.0389118846936719	0.0154564030603455	-2.51752523156589	0.0118583484729838	4308	-0.0262594133667955	0.0148554830603674	-1.76765799268099	0.0771968862459816	0.276818346883156	score_SCZ25EUR_sbrc.profile	0.999999948257751
SCZ25_EUR_SBayesRC_raw	EUR	lh_a47r	-0.0114492299291882	0.0153705059647228	-0.744883086833027	0.45638662087145	4308	0.0073691866729118	0.0139070845482814	0.529887241810325	0.596220419416049	0.449332069998101	score_SCZ25EUR_sbrc.profile	0.999999948257751
SCZ25_EUR_SBayesRC_raw	EUR	lh_a9-46v	-0.017813455148816	0.0154557565788153	-1.15254501181988	0.249167699736572	4308	0.000201314961675909	0.0141197224730267	0.0142577137801743	0.988625122115677	0.424438963764929	score_SCZ25EUR_sbrc.profile	0.999999948257751
SCZ25_EUR_SBayesRC_raw	EUR	lh_d23ab	-0.00456836186856855	0.0152908882166455	-0.298763669176227	0.765136479813505	4308	0.00957340138620937	0.0145175692858666	0.659435556855198	0.509655506320388	0.344469440231256	score_SCZ25EUR_sbrc.profile	0.999999948257751
SCZ25_EUR_SBayesRC_raw	EUR	lh_d32	-0.0237304022585456	0.0155051671831891	-1.53048348193719	0.125978296546046	4308	-0.00867445284245845	0.0145659756299302	-0.595528446761517	0.551525251761082	0.346507251099716	score_SCZ25EUR_sbrc.profile	0.999999948257751
SCZ25_EUR_SBayesRC_raw	EUR	lh_i6-8	-0.00782115062332518	0.0154088083660139	-0.507576604078984	0.611779662152004	4308	0.0107583032263019	0.0140342530273118	0.766574694454014	0.443383179761654	0.425628628450352	score_SCZ25EUR_sbrc.profile	0.999999948257751
SCZ25_EUR_SBayesRC_raw	EUR	lh_p10p	-0.00943348653522111	0.0155113665689754	-0.608166049926848	0.543112747630607	4308	0.00646167173127522	0.0143979637108704	0.44879066658549	0.65360826258373	0.375292639112245	score_SCZ25EUR_sbrc.profile	0.999999948257751
SCZ25_EUR_SBayesRC_raw	EUR	lh_p24	-0.0187862509961302	0.0153652280511818	-1.22264706606065	0.221539216380636	4308	-0.0101987878626768	0.0151304707184399	-0.674056217580019	0.50031652153586	0.20360006474868	score_SCZ25EUR_sbrc.profile	0.999999948257751
SCZ25_EUR_SBayesRC_raw	EUR	lh_p24pr	-0.0121380012036308	0.015280780878733	-0.794331212518321	0.427051337930395	4308	-0.000710359283354272	0.0147717644184317	-0.0480889935171123	0.961647819490098	0.287522460134885	score_SCZ25EUR_sbrc.profile	0.999999948257751
SCZ25_EUR_SBayesRC_raw	EUR	lh_p32	-0.0108581334476474	0.0155702968962743	-0.697362004076208	0.485618116169965	4308	0.00349287083415456	0.0147406320153815	0.236955296795269	0.812704205740898	0.302947474525748	score_SCZ25EUR_sbrc.profile	0.999999948257751
SCZ25_EUR_SBayesRC_raw	EUR	lh_p32pr	-0.0408252179468561	0.0153247213545972	-2.66401045749579	0.00775389070803686	4308	-0.0259227274037214	0.0144289510085036	-1.79657740804887	0.0724825929152315	0.346305808871095	score_SCZ25EUR_sbrc.profile	0.999999948257751
SCZ25_EUR_SBayesRC_raw	EUR	lh_p47r	0.0140460644319886	0.015464423612727	0.908282441282122	0.363783851237879	4308	0.0307949127199616	0.0143206007518594	2.15039251869118	0.031584959465602	0.398466963164502	score_SCZ25EUR_sbrc.profile	0.999999948257751
SCZ25_EUR_SBayesRC_raw	EUR	lh_p9-46v	-0.0114202943908145	0.0153827039098943	-0.74241137694062	0.45788311885856	4308	0.00821700686591635	0.0137696205801994	0.596748967631858	0.55071107605623	0.460984871766448	score_SCZ25EUR_sbrc.profile	0.999999948257751
SCZ25_EUR_SBayesRC_raw	EUR	lh_pOFC	0.00504970443531809	0.0155062570406406	0.325655922127645	0.74470180491751	4308	0.00849037788642356	0.0154810766744238	0.548435878523258	0.583423372636533	0.0992414103605748	score_SCZ25EUR_sbrc.profile	0.999999948257751
SCZ25_EUR_SBayesRC_raw	EUR	lh_s32	-0.0115114594453953	0.0154439651749699	-0.745369425207714	0.456093939516378	4308	-0.00148440545482859	0.0150216200680131	-0.098817933625513	0.921288039362589	0.217274647098256	score_SCZ25EUR_sbrc.profile	0.999999948257751
SCZ25_EUR_SBayesRC_raw	EUR	lh_s6-8	-0.026581048180883	0.0155846477807248	-1.70559184621154	0.0881636516240318	4308	-0.0159028471253057	0.015054460615839	-1.05635449393478	0.290872773739463	0.242375930586266	score_SCZ25EUR_sbrc.profile	0.999999948257751
SCZ25_EUR_SBayesRC_raw	EUR	lh_v23ab	-0.0036352754098767	0.0152521741549728	-0.238344735179375	0.811626314893378	4308	0.00862532662567915	0.0146674421857727	0.588059357346275	0.55652662977147	0.317312658730506	score_SCZ25EUR_sbrc.profile	0.999999948257751
SCZ25_EUR_SBayesRC_raw	EUR	rh_1	-0.00716559478518201	0.0156139370356652	-0.458922997371799	0.646314596917216	4308	0.0118642594534473	0.0141512246323602	0.838391005843889	0.401861687134361	0.42480105899213	score_SCZ25EUR_sbrc.profile	0.999999948257751
SCZ25_EUR_SBayesRC_raw	EUR	rh_10d	-0.0170728322081816	0.0155750668488136	-1.09616429732898	0.273073813569722	4308	-0.00268031483942325	0.0147451753465099	-0.181775718256051	0.855768169352851	0.313590657115545	score_SCZ25EUR_sbrc.profile	0.999999948257751
SCZ25_EUR_SBayesRC_raw	EUR	rh_10pp	-0.00664328327740218	0.0154452273026265	-0.430118841713159	0.667133574963639	4308	0.00706488615843983	0.0146904808063132	0.480915924508318	0.630604396594944	0.301179071481727	score_SCZ25EUR_sbrc.profile	0.999999948257751
SCZ25_EUR_SBayesRC_raw	EUR	rh_10r	-0.0442676418420778	0.0155683523584892	-2.84343781684383	0.00448574051759116	4308	-0.0321117519661386	0.0150079965925053	-2.13964280763327	0.0324448538677088	0.258317002361723	score_SCZ25EUR_sbrc.profile	0.999999948257751
SCZ25_EUR_SBayesRC_raw	EUR	rh_10v	0.000714196193780178	0.0154157831210989	0.0463288947547977	0.963050468393996	4308	0.013540088526368	0.01477922850598	0.916156653298203	0.35964119612539	0.301072978091315	score_SCZ25EUR_sbrc.profile	0.999999948257751
SCZ25_EUR_SBayesRC_raw	EUR	rh_11l	0.00132145156676744	0.0155199252361146	0.0851454853463112	0.932150049607603	4308	0.0159820433748792	0.0146868214142044	1.08818939947225	0.27657882858991	0.319315818622871	score_SCZ25EUR_sbrc.profile	0.999999948257751
SCZ25_EUR_SBayesRC_raw	EUR	rh_13l	-0.00622084612124493	0.0154940599580415	-0.401498776827455	0.688074997198632	4308	0.00692143114103722	0.0148383940837847	0.466454193220336	0.640916606284844	0.275209446690974	score_SCZ25EUR_sbrc.profile	0.999999948257751
SCZ25_EUR_SBayesRC_raw	EUR	rh_2	-0.000609240445584786	0.0153486308850131	-0.0396934716945775	0.968339550554648	4308	0.0199116938324983	0.0136737363311348	1.45619992592367	0.14541997177221	0.474939694728429	score_SCZ25EUR_sbrc.profile	0.999999948257751
SCZ25_EUR_SBayesRC_raw	EUR	rh_23c	-0.0171243968968344	0.0152599013741682	-1.1221826718895	0.26185410006596	4308	3.6515753490294e-05	0.0139200687822914	0.00262324519091083	0.997907090999054	0.442689466214154	score_SCZ25EUR_sbrc.profile	0.999999948257751
SCZ25_EUR_SBayesRC_raw	EUR	rh_23d	-0.0247075847225389	0.0152520491202848	-1.61995181943642	0.105324268489901	4308	-0.0155894167508325	0.0149419413233224	-1.04333275131388	0.296859391118802	0.244323664315971	score_SCZ25EUR_sbrc.profile	0.999999948257751
SCZ25_EUR_SBayesRC_raw	EUR	rh_24dd	-0.0420349289318992	0.0152771801297821	-2.75148480117441	0.0059605236401285	4308	-0.0261174514254283	0.0142818578901205	-1.82871525724221	0.0675211906078983	0.38528636191938	score_SCZ25EUR_sbrc.profile	0.999999948257751
SCZ25_EUR_SBayesRC_raw	EUR	rh_24dv	-0.0160829276724437	0.0153216400243488	-1.04968708616604	0.293927767954652	4308	-0.00183476703145108	0.0144804116952442	-0.126706827821317	0.899179194315684	0.35510555088382	score_SCZ25EUR_sbrc.profile	0.999999948257751
SCZ25_EUR_SBayesRC_raw	EUR	rh_25	0.0110990389661154	0.0153457154273227	0.723266309653693	0.469555681515054	4308	0.0174487119941191	0.0152120725597242	1.14703055258339	0.251432915800752	0.142068421728327	score_SCZ25EUR_sbrc.profile	0.999999948257751
SCZ25_EUR_SBayesRC_raw	EUR	rh_31a	-0.00587661027865158	0.0153350482221646	-0.383214333174236	0.70158178695223	4308	0.00697362657457046	0.0146650895598286	0.475525672456374	0.634439421382371	0.31466703531904	score_SCZ25EUR_sbrc.profile	0.999999948257751
SCZ25_EUR_SBayesRC_raw	EUR	rh_31pd	-0.0249095424175223	0.015376382642012	-1.61998715806301	0.105316003449994	4308	-0.00899525853009797	0.0144014155364683	-0.624609331445201	0.532264099520512	0.374672772004396	score_SCZ25EUR_sbrc.profile	0.999999948257751
SCZ25_EUR_SBayesRC_raw	EUR	rh_31pv	-0.0291958880561593	0.0154566149789486	-1.88889275536222	0.0589802200948987	4308	-0.0131847552471155	0.0144063253343254	-0.915205990503399	0.360140273686529	0.368192834243727	score_SCZ25EUR_sbrc.profile	0.999999948257751
SCZ25_EUR_SBayesRC_raw	EUR	rh_33pr	-0.0144297394302095	0.0155963205704871	-0.925201515639202	0.354916716018678	4308	-0.0123178451537578	0.0155915069959053	-0.79003557237878	0.429553704386057	0.0506056127608744	score_SCZ25EUR_sbrc.profile	0.999999948257751
SCZ25_EUR_SBayesRC_raw	EUR	rh_3a	0.00887055827981157	0.0154420564180296	0.574441514761893	0.565702201099549	4308	0.0201233595606288	0.0149565189913883	1.34545742710691	0.178556200501211	0.275343382298282	score_SCZ25EUR_sbrc.profile	0.999999948257751
SCZ25_EUR_SBayesRC_raw	EUR	rh_3b	0.0124893885203928	0.0155570928564125	0.802809923143503	0.422132356212401	4308	0.0214371819408344	0.0152496860892172	1.40574578489142	0.159877487659644	0.218863375174578	score_SCZ25EUR_sbrc.profile	0.999999948257751
SCZ25_EUR_SBayesRC_raw	EUR	rh_4	0.0132604955768453	0.0154682098975999	0.857274090837285	0.391346191606202	4308	0.0165137870916574	0.0154644342824316	1.06785588079468	0.285651383548357	0.102555856289125	score_SCZ25EUR_sbrc.profile	0.999999948257751
SCZ25_EUR_SBayesRC_raw	EUR	rh_43	-0.013311407775001	0.0151612704227687	-0.877987622660591	0.380006147296527	4308	0.00128461763380595	0.0142950963264673	0.0898642166843944	0.92839991809738	0.366367997235233	score_SCZ25EUR_sbrc.profile	0.999999948257751
SCZ25_EUR_SBayesRC_raw	EUR	rh_44	8.91015904700584e-05	0.015210739372211	0.00585780797959373	0.995326473506567	4308	0.016272528357291	0.0141766108609854	1.14784333976986	0.251097201142706	0.383903541983666	score_SCZ25EUR_sbrc.profile	0.999999948257751
SCZ25_EUR_SBayesRC_raw	EUR	rh_45	-0.00102423969912108	0.0154111846819326	-0.0664608023497284	0.947014383400139	4308	0.0149266554353126	0.0143781041481755	1.03815185100093	0.299264522057715	0.369391251622965	score_SCZ25EUR_sbrc.profile	0.999999948257751
SCZ25_EUR_SBayesRC_raw	EUR	rh_46	-0.021206318191655	0.0154890332616595	-1.3691182550526	0.171041646269076	4308	-0.000611627109229983	0.0137170447981461	-0.0445888395226825	0.964437345701393	0.476535116021824	score_SCZ25EUR_sbrc.profile	0.999999948257751
SCZ25_EUR_SBayesRC_raw	EUR	rh_47l	-0.0135208779688696	0.0153153609925805	-0.882831163785158	0.377382595550598	4308	0.00199348420589508	0.0143956754351989	0.138477990481836	0.889869908995274	0.36904757618936	score_SCZ25EUR_sbrc.profile	0.999999948257751
SCZ25_EUR_SBayesRC_raw	EUR	rh_47m	0.00736050362394872	0.0153538632010862	0.479390986330268	0.631687710536271	4308	0.0227334961634869	0.0144631835227777	1.57181827414998	0.116075399482602	0.34688134808242	score_SCZ25EUR_sbrc.profile	0.999999948257751
SCZ25_EUR_SBayesRC_raw	EUR	rh_47s	-0.00992506455139896	0.0153524721569246	-0.646479892616015	0.518006280652996	4308	0.000783136539753378	0.0149157545333026	0.0525039841601617	0.958129796846484	0.268933650763457	score_SCZ25EUR_sbrc.profile	0.999999948257751
SCZ25_EUR_SBayesRC_raw	EUR	rh_52	-0.0255146086620528	0.0153671868881761	-1.66033047217538	0.0969316581635651	4308	-0.015257174380339	0.0149248400079662	-1.02226719832142	0.306721536229645	0.256813246693617	score_SCZ25EUR_sbrc.profile	0.999999948257751
SCZ25_EUR_SBayesRC_raw	EUR	rh_55b	-0.0211560877657796	0.0154872227143671	-1.36603496675705	0.172008667851965	4308	-0.00826986796205202	0.0147890776774753	-0.559187539777923	0.576067068046712	0.283378667492159	score_SCZ25EUR_sbrc.profile	0.999999948257751
SCZ25_EUR_SBayesRC_raw	EUR	rh_5L	-6.77943036181047e-05	0.0155432483457192	-0.00436165607794435	0.996520137823717	4308	0.0169469656841528	0.0143405299573871	1.18175309660876	0.237377742789043	0.390909079004221	score_SCZ25EUR_sbrc.profile	0.999999948257751
SCZ25_EUR_SBayesRC_raw	EUR	rh_5m	-0.0132521646312709	0.0153676839432532	-0.8623397435948	0.388553910290048	4308	0.00496580187968884	0.014035542879298	0.353801910078823	0.723506824487498	0.433893206986515	score_SCZ25EUR_sbrc.profile	0.999999948257751
SCZ25_EUR_SBayesRC_raw	EUR	rh_5mv	-0.0392476962113441	0.0153324887658442	-2.55977335517605	0.0105107536553923	4308	-0.021822861884905	0.0141141977832286	-1.54616381462617	0.122144623140951	0.428425934951006	score_SCZ25EUR_sbrc.profile	0.999999948257751
SCZ25_EUR_SBayesRC_raw	EUR	rh_6a	-0.020950009631796	0.0152211284561711	-1.3763769021542	0.168785719258284	4308	-0.00259661240448659	0.0138521941993355	-0.187451342879033	0.851316888985233	0.436861306955079	score_SCZ25EUR_sbrc.profile	0.999999948257751
SCZ25_EUR_SBayesRC_raw	EUR	rh_6d	-0.0258217383850477	0.0156344403901389	-1.65159338874286	0.0986968090425434	4308	-0.0132419841168191	0.0149974069669883	-0.882951575960216	0.377316223462097	0.276985646769384	score_SCZ25EUR_sbrc.profile	0.999999948257751
SCZ25_EUR_SBayesRC_raw	EUR	rh_6ma	-0.0294358791183237	0.0154939986085608	-1.89982456188293	0.0575305539238208	4308	-0.0124186081723464	0.014344298380162	-0.865752220374975	0.386679879539649	0.39661344783588	score_SCZ25EUR_sbrc.profile	0.999999948257751
SCZ25_EUR_SBayesRC_raw	EUR	rh_6mp	-0.0214819110812521	0.015480705491784	-1.38765711243929	0.165320260911648	4308	-0.00685439305886679	0.0146342493100171	-0.468380230079513	0.63953887372928	0.337590800613626	score_SCZ25EUR_sbrc.profile	0.999999948257751
SCZ25_EUR_SBayesRC_raw	EUR	rh_6r	0.010330243870518	0.0151398661324045	0.682320687658376	0.495076252888702	4308	0.0277010496198251	0.013928065979184	1.98886547932967	0.0467854988643262	0.42888013951309	score_SCZ25EUR_sbrc.profile	0.999999948257751
SCZ25_EUR_SBayesRC_raw	EUR	rh_6v	-0.025414742480905	0.0155569736757216	-1.63365594174448	0.10241176811696	4308	-0.0120276707647464	0.0148315980690068	-0.810949077016882	0.417444970609369	0.295365207558174	score_SCZ25EUR_sbrc.profile	0.999999948257751
SCZ25_EUR_SBayesRC_raw	EUR	rh_7AL	-0.0229748270873835	0.0154663707512806	-1.48546982720436	0.137502091641077	4308	-0.00755717704161737	0.0144022249108716	-0.524722887497251	0.599807439665681	0.363126858875304	score_SCZ25EUR_sbrc.profile	0.999999948257751
SCZ25_EUR_SBayesRC_raw	EUR	rh_7Am	-0.0327621453845585	0.0154284002713348	-2.12349594309067	0.033775787088349	4308	-0.0166156799331687	0.0144187118653135	-1.1523692330062	0.249241215252565	0.368994264067845	score_SCZ25EUR_sbrc.profile	0.999999948257751
SCZ25_EUR_SBayesRC_raw	EUR	rh_7PC	0.00302138301466417	0.0156055169629012	0.193609927940669	0.846491510435872	4308	0.0190330209733346	0.0144281817060574	1.31915589650108	0.187198258833592	0.379367550629991	score_SCZ25EUR_sbrc.profile	0.999999948257751
SCZ25_EUR_SBayesRC_raw	EUR	rh_7PL	-0.0211063625397926	0.0154972937384764	-1.36193860011766	0.173295704477275	4308	-0.00620806061510531	0.0146387904351325	-0.424082894185452	0.671528881297956	0.332626205057281	score_SCZ25EUR_sbrc.profile	0.999999948257751
SCZ25_EUR_SBayesRC_raw	EUR	rh_7Pm	-0.0235416305493018	0.0154658799675866	-1.52216560574894	0.128048054464642	4308	-0.0105750584794958	0.0148069134367448	-0.714197359542384	0.475147955383726	0.30264016065667	score_SCZ25EUR_sbrc.profile	0.999999948257751
SCZ25_EUR_SBayesRC_raw	EUR	rh_7m	-0.0178038764938745	0.0152864719599925	-1.16468185337143	0.244219182675375	4308	0.000467962411979875	0.0139284269680106	0.0335976498318613	0.973199745017178	0.435716072383262	score_SCZ25EUR_sbrc.profile	0.999999948257751
SCZ25_EUR_SBayesRC_raw	EUR	rh_8Ad	-0.0247049431481738	0.0152074410040646	-1.62452993515285	0.104346359613133	4308	-0.00587901814063449	0.0138050058783649	-0.425861328306137	0.670233129619204	0.450369824169684	score_SCZ25EUR_sbrc.profile	0.999999948257751
SCZ25_EUR_SBayesRC_raw	EUR	rh_8Av	-0.0357495350573383	0.0156379594146758	-2.28607416794984	0.0223017851967433	4308	-0.0219503086347339	0.0148624551868378	-1.47689653955513	0.139782175551186	0.309041207964184	score_SCZ25EUR_sbrc.profile	0.999999948257751
SCZ25_EUR_SBayesRC_raw	EUR	rh_8BL	-0.0254105739729455	0.0154094525762073	-1.64902509334953	0.0992262421823723	4308	-0.00700707587556806	0.0139144443752251	-0.503582873064216	0.614584987190571	0.435449784814226	score_SCZ25EUR_sbrc.profile	0.999999948257751
SCZ25_EUR_SBayesRC_raw	EUR	rh_8BM	-0.0277910690449606	0.0153119787783552	-1.81498873837559	0.0696020230101967	4308	-0.0102657834966993	0.0140712083040355	-0.729559485929521	0.465703652657178	0.42087427091752	score_SCZ25EUR_sbrc.profile	0.999999948257751
SCZ25_EUR_SBayesRC_raw	EUR	rh_8C	-0.0122219901119397	0.0153984007185639	-0.79371814874289	0.427407657119231	4308	0.0072995840345513	0.0138412347163175	0.527379542660728	0.597960301297981	0.46210093514075	score_SCZ25EUR_sbrc.profile	0.999999948257751
SCZ25_EUR_SBayesRC_raw	EUR	rh_9-46d	-0.0250930736477532	0.0154681107587193	-1.62224553723268	0.104836264012027	4308	-0.00514471348299473	0.0139013299715568	-0.370087861630592	0.711338168010381	0.442520931586385	score_SCZ25EUR_sbrc.profile	0.999999948257751
SCZ25_EUR_SBayesRC_raw	EUR	rh_9a	-0.0247377637655612	0.0156267800493843	-1.58303653647034	0.113494151026034	4308	-0.00930742671968055	0.0146613332094685	-0.634828128295297	0.525578211495671	0.338265063226404	score_SCZ25EUR_sbrc.profile	0.999999948257751
SCZ25_EUR_SBayesRC_raw	EUR	rh_9m	-0.0311894851198083	0.0155140716665871	-2.01039970615719	0.0444583867666981	4308	-0.0111532777458626	0.0137811523915077	-0.809313867883471	0.418386191960234	0.452829626375933	score_SCZ25EUR_sbrc.profile	0.999999948257751
SCZ25_EUR_SBayesRC_raw	EUR	rh_9p	-0.0223075060915237	0.015553627363705	-1.43423174349536	0.151586659781893	4308	-0.00754883291134938	0.014615056066193	-0.516510704930585	0.605527416778084	0.32813316587017	score_SCZ25EUR_sbrc.profile	0.999999948257751
SCZ25_EUR_SBayesRC_raw	EUR	rh_A1	-0.0313751686053088	0.0153676323209158	-2.0416397236812	0.0412557708392537	4308	-0.0173570635120388	0.0145936578706685	-1.18935661407579	0.234373490795412	0.335593136534239	score_SCZ25EUR_sbrc.profile	0.999999948257751
SCZ25_EUR_SBayesRC_raw	EUR	rh_A4	-0.0329592703925112	0.0153711489679475	-2.14422945618699	0.0320780474201716	4308	-0.0135017164083649	0.0138120617191738	-0.977530848245625	0.328369642528807	0.455207311857291	score_SCZ25EUR_sbrc.profile	0.999999948257751
SCZ25_EUR_SBayesRC_raw	EUR	rh_A5	-0.0283526414628194	0.0154002932683499	-1.84104555470308	0.0656922796563085	4308	-0.00840837976173547	0.0138205065659329	-0.608398810971361	0.542958713198124	0.470040696810728	score_SCZ25EUR_sbrc.profile	0.999999948257751
SCZ25_EUR_SBayesRC_raw	EUR	rh_AAIC	0.0079152478613074	0.0154648523308042	0.511821755034876	0.608804412474416	4308	0.0115371711512888	0.0154247434090698	0.747965191077665	0.454525866501323	0.102166710018007	score_SCZ25EUR_sbrc.profile	0.999999948257751
SCZ25_EUR_SBayesRC_raw	EUR	rh_AIP	-0.00655751279776025	0.0152369152486223	-0.430370103840616	0.666950735343616	4308	0.0111384285471541	0.0139843354199546	0.79649323422695	0.425795495114059	0.427154544337598	score_SCZ25EUR_sbrc.profile	0.999999948257751
SCZ25_EUR_SBayesRC_raw	EUR	rh_AVI	0.00567321464168799	0.0154310356524535	0.36764963606224	0.713154829802304	4308	0.0174920855026434	0.0149214811264277	1.17227541652436	0.241159449855556	0.276048273092251	score_SCZ25EUR_sbrc.profile	0.999999948257751
SCZ25_EUR_SBayesRC_raw	EUR	rh_DVT	-0.0281703673093603	0.0152801954304698	-1.84358684661759	0.0653203710245012	4308	-0.0102089145369149	0.0140279342263866	-0.72775608811395	0.466806829727041	0.42968656088265	score_SCZ25EUR_sbrc.profile	0.999999948257751
SCZ25_EUR_SBayesRC_raw	EUR	rh_EC	0.00854523537601263	0.0155347441847968	0.550072487474592	0.582300793232807	4308	0.0125848473763338	0.0154865095648037	0.81263291277303	0.416477580215798	0.105818074654581	score_SCZ25EUR_sbrc.profile	0.999999948257751
SCZ25_EUR_SBayesRC_raw	EUR	rh_FEF	-0.0202781231179569	0.0155315298288982	-1.30561015826188	0.191761864566339	4308	-0.00827536274920908	0.014955733085619	-0.553323779037379	0.580073659979698	0.261216073000949	score_SCZ25EUR_sbrc.profile	0.999999948257751
SCZ25_EUR_SBayesRC_raw	EUR	rh_FFC	-0.0144115147790819	0.0150356124071898	-0.958492038022377	0.337874569691211	4308	0.00302600230561974	0.0138120203005303	0.21908469867392	0.826595721947612	0.446115546452264	score_SCZ25EUR_sbrc.profile	0.999999948257751
SCZ25_EUR_SBayesRC_raw	EUR	rh_FOP1	-0.011672785129024	0.0152165943308424	-0.76710891249591	0.443064784066146	4308	-0.000699309245315622	0.0147127427555604	-0.0475308551868297	0.96209269632757	0.288566536191705	score_SCZ25EUR_sbrc.profile	0.999999948257751
SCZ25_EUR_SBayesRC_raw	EUR	rh_FOP2	-0.0109909197806972	0.0153368439605097	-0.716635039712038	0.473643230696085	4308	-0.000570303404235326	0.0149345935335118	-0.0381867375871743	0.9695408283757	0.247487556295312	score_SCZ25EUR_sbrc.profile	0.999999948257751
SCZ25_EUR_SBayesRC_raw	EUR	rh_FOP3	-0.00137790366290764	0.0154557846479985	-0.0891513238757553	0.92896627616509	4308	0.00790554902799669	0.0151081352992232	0.523264378523481	0.60082064734582	0.213472423051355	score_SCZ25EUR_sbrc.profile	0.999999948257751
SCZ25_EUR_SBayesRC_raw	EUR	rh_FOP4	0.00626323739654756	0.0154047209788618	0.406579087355227	0.684340024233852	4308	0.0178329509884506	0.0147743671574987	1.20701961703988	0.227500707072371	0.289495697118232	score_SCZ25EUR_sbrc.profile	0.999999948257751
SCZ25_EUR_SBayesRC_raw	EUR	rh_FOP5	0.0159134381959278	0.0154752486959295	1.0283155061743	0.303866213141543	4308	0.0302003390093076	0.0146377990015517	2.06317486707573	0.0391639094997595	0.325887038245398	score_SCZ25EUR_sbrc.profile	0.999999948257751
SCZ25_EUR_SBayesRC_raw	EUR	rh_FST	-0.0471086172260831	0.0153601759382137	-3.06693213772925	0.00217747622624386	4308	-0.0308802219608514	0.0142669723765282	-2.16445515880125	0.0304902833841445	0.397250361180822	score_SCZ25EUR_sbrc.profile	0.999999948257751
SCZ25_EUR_SBayesRC_raw	EUR	rh_IFJa	-0.00967366856416594	0.0153952452017531	-0.628354302733963	0.529808788722831	4308	0.00596196189823918	0.0144704444464157	0.412009591019574	0.680355407128251	0.355000096113804	score_SCZ25EUR_sbrc.profile	0.999999948257751
SCZ25_EUR_SBayesRC_raw	EUR	rh_IFJp	0.000560596842165788	0.0154404104465024	0.0363071204685998	0.971039336845197	4308	0.0110058612209042	0.0150059491965863	0.733433192177401	0.463338897707482	0.242382640983008	score_SCZ25EUR_sbrc.profile	0.999999948257751
SCZ25_EUR_SBayesRC_raw	EUR	rh_IFSa	-0.0135505741338101	0.015426797923705	-0.878378922238172	0.379794034944841	4308	0.00476780295278586	0.014094554692169	0.338272691611525	0.735176549870793	0.412079503367823	score_SCZ25EUR_sbrc.profile	0.999999948257751
SCZ25_EUR_SBayesRC_raw	EUR	rh_IFSp	-0.0240367127238597	0.0154319740327093	-1.55759157402105	0.119413571726023	4308	-0.00660118528828915	0.0141426458819239	-0.466757447185062	0.640700709977545	0.39464840308711	score_SCZ25EUR_sbrc.profile	0.999999948257751
SCZ25_EUR_SBayesRC_raw	EUR	rh_IP0	-0.0216509455689394	0.0153969157211179	-1.40618718456994	0.159749186473773	4308	-0.00564082282564039	0.0143742543279364	-0.39242542235234	0.694765652039606	0.381194062359908	score_SCZ25EUR_sbrc.profile	0.999999948257751
SCZ25_EUR_SBayesRC_raw	EUR	rh_IP1	-0.0513448627978317	0.015279503048854	-3.36037517932775	0.00078616924594009	4308	-0.0329275320131087	0.0139418369269394	-2.36177859385831	0.018238370508141	0.427332855333072	score_SCZ25EUR_sbrc.profile	0.999999948257751
SCZ25_EUR_SBayesRC_raw	EUR	rh_IP2	-0.0319765849931987	0.0153048592037713	-2.08930932114157	0.03674609676759	4308	-0.015371576787806	0.014237398903231	-1.07966187449574	0.280362283038276	0.394012729622863	score_SCZ25EUR_sbrc.profile	0.999999948257751
SCZ25_EUR_SBayesRC_raw	EUR	rh_IPS1	-0.0207873903495567	0.0154069997460112	-1.34921728384778	0.177345511736735	4308	-0.00317982412075814	0.0141483940565266	-0.224748060313693	0.82218725245853	0.406596514735116	score_SCZ25EUR_sbrc.profile	0.999999948257751
SCZ25_EUR_SBayesRC_raw	EUR	rh_Ig	0.00665885311964958	0.0153898213151901	0.432679040469243	0.665272731336688	4308	0.0179737969142743	0.0148485543745557	1.21047453246183	0.226174102011756	0.274049165091249	score_SCZ25EUR_sbrc.profile	0.999999948257751
SCZ25_EUR_SBayesRC_raw	EUR	rh_LBelt	-0.036776185745228	0.0153499486084643	-2.39585074082586	0.0166293285428699	4308	-0.0232749948652677	0.0146254968632987	-1.59139857488699	0.111602335448089	0.330423301992055	score_SCZ25EUR_sbrc.profile	0.999999948257751
SCZ25_EUR_SBayesRC_raw	EUR	rh_LIPd	-0.0275074416169303	0.015415199991566	-1.78443624682003	0.0744320914334573	4308	-0.0127208858501576	0.0145787209431563	-0.872565288803963	0.38295461071049	0.352257367627346	score_SCZ25EUR_sbrc.profile	0.999999948257751
SCZ25_EUR_SBayesRC_raw	EUR	rh_LIPv	-0.0221660706946038	0.0153658613506307	-1.44255308497196	0.149229311837167	4308	-0.00749208285673071	0.014547472643421	-0.515009241836861	0.606576449297493	0.339989379886262	score_SCZ25EUR_sbrc.profile	0.999999948257751
SCZ25_EUR_SBayesRC_raw	EUR	rh_LO1	-0.0142948490649564	0.0155202494571484	-0.921045058226976	0.357083969007431	4308	0.00119483762438478	0.0145493166405543	0.0821232813817747	0.934552938922023	0.353483876598864	score_SCZ25EUR_sbrc.profile	0.999999948257751
SCZ25_EUR_SBayesRC_raw	EUR	rh_LO2	-0.0269939025252142	0.0152936211866739	-1.76504322918206	0.0776396265438347	4308	-0.0143964309816177	0.0146594886553164	-0.982055467289216	0.326137280728932	0.303136542587487	score_SCZ25EUR_sbrc.profile	0.999999948257751
SCZ25_EUR_SBayesRC_raw	EUR	rh_LO3	-0.0113298291951097	0.0153712267755211	-0.737080348925214	0.461120625549632	4308	0.0036104670263406	0.0144932915841304	0.249112977916895	0.803287530497961	0.342046022907585	score_SCZ25EUR_sbrc.profile	0.999999948257751
SCZ25_EUR_SBayesRC_raw	EUR	rh_MBelt	-0.010304187962804	0.0152722343832569	-0.674700748051679	0.499907174180455	4308	0.00458069974797295	0.0144056319892531	0.317979783975478	0.750517968421042	0.363352387294598	score_SCZ25EUR_sbrc.profile	0.999999948257751
SCZ25_EUR_SBayesRC_raw	EUR	rh_MI	0.000556931961380977	0.0154138904288422	0.0361318230431207	0.971179128484978	4308	0.0119415299305858	0.0148898823095521	0.801989544465714	0.422609368507599	0.2709346127178	score_SCZ25EUR_sbrc.profile	0.999999948257751
SCZ25_EUR_SBayesRC_raw	EUR	rh_MIP	-0.0276552001395094	0.0153681597655205	-1.79951279538073	0.0720159207396479	4308	-0.00965074718950647	0.0140761728062168	-0.685608746238479	0.493001433061023	0.418005007484287	score_SCZ25EUR_sbrc.profile	0.999999948257751
SCZ25_EUR_SBayesRC_raw	EUR	rh_MST	-0.0380781062500175	0.0153672640352632	-2.47787154321289	0.0132599292908882	4308	-0.0224458521569584	0.014440986389375	-1.55431571997554	0.120191975879902	0.368349759329414	score_SCZ25EUR_sbrc.profile	0.999999948257751
SCZ25_EUR_SBayesRC_raw	EUR	rh_MT	-0.0340782500205919	0.0153507455588821	-2.21997360909118	0.0264785026271121	4308	-0.0185706569705594	0.014432148101764	-1.2867562638364	0.198256310266903	0.371393106963294	score_SCZ25EUR_sbrc.profile	0.999999948257751
SCZ25_EUR_SBayesRC_raw	EUR	rh_OFC	0.010915853989522	0.0155130558777436	0.703655944744119	0.481687978914397	4308	0.0213279329473049	0.0150653590674821	1.41569363543019	0.156943219447275	0.245246826417275	score_SCZ25EUR_sbrc.profile	0.999999948257751
SCZ25_EUR_SBayesRC_raw	EUR	rh_OP1	-0.00441865596287404	0.0153635416789953	-0.28760659847821	0.7736632755759	4308	0.00616644428305555	0.0148943501589626	0.414012307837743	0.678888292992565	0.264844165899141	score_SCZ25EUR_sbrc.profile	0.999999948257751
SCZ25_EUR_SBayesRC_raw	EUR	rh_OP2-3	-0.00579009745242724	0.0152704182713155	-0.379170848470049	0.704581872291086	4308	0.00587821320044275	0.0147628643809917	0.398175655397294	0.690522790717623	0.293690709260549	score_SCZ25EUR_sbrc.profile	0.999999948257751
SCZ25_EUR_SBayesRC_raw	EUR	rh_OP4	0.000539545130838151	0.0152753627264433	0.0353212647385545	0.971825359729337	4308	0.0181940907221369	0.0139923061012608	1.30029250292755	0.193577641699332	0.432370909531026	score_SCZ25EUR_sbrc.profile	0.999999948257751
SCZ25_EUR_SBayesRC_raw	EUR	rh_PBelt	-0.0403700569031233	0.0152586253227961	-2.64572044001968	0.00818475834733344	4308	-0.0236873899287895	0.0141137936794165	-1.67831487882207	0.0933673810458191	0.404273646515271	score_SCZ25EUR_sbrc.profile	0.999999948257751
SCZ25_EUR_SBayesRC_raw	EUR	rh_PCV	-0.0271148293481583	0.0152167004976132	-1.78191253435076	0.0748435655600261	4308	-0.00929094127567727	0.0139508585249007	-0.665976309565036	0.505467518254231	0.426344981800222	score_SCZ25EUR_sbrc.profile	0.999999948257751
SCZ25_EUR_SBayesRC_raw	EUR	rh_PEF	-0.0152878130624327	0.015404597686368	-0.992418846222865	0.321054409497054	4308	-0.00419690955269714	0.0149409358562834	-0.280900044887893	0.778801915952986	0.25508805297511	score_SCZ25EUR_sbrc.profile	0.999999948257751
SCZ25_EUR_SBayesRC_raw	EUR	rh_PF	-0.0111092463370784	0.0155844593868042	-0.712841303079456	0.475988525638453	4308	0.00575961558289763	0.0144817431134929	0.397715629793991	0.690862380713439	0.383652025877277	score_SCZ25EUR_sbrc.profile	0.999999948257751
SCZ25_EUR_SBayesRC_raw	EUR	rh_PFcm	-0.0111532835666585	0.015363477581914	-0.725960870980684	0.467907345034294	4308	0.00515463718297967	0.0143622993438927	0.358900553425074	0.719689870316223	0.367326043920969	score_SCZ25EUR_sbrc.profile	0.999999948257751
SCZ25_EUR_SBayesRC_raw	EUR	rh_PFm	-0.0118924439064889	0.0155867435686017	-0.762984510147797	0.445517038458255	4308	0.00740104423464533	0.0140751212432544	0.525824545788004	0.59903879257749	0.448238607653681	score_SCZ25EUR_sbrc.profile	0.999999948257751
SCZ25_EUR_SBayesRC_raw	EUR	rh_PFop	-0.00238385099654626	0.015488052888806	-0.153915473666105	0.877684789061729	4308	0.0104299520696702	0.014755737883917	0.706840427210243	0.479710582047167	0.319329572655834	score_SCZ25EUR_sbrc.profile	0.999999948257751
SCZ25_EUR_SBayesRC_raw	EUR	rh_PFt	-0.00986818222822824	0.0152513083119351	-0.647038406567766	0.517647199240392	4308	0.00433681732538258	0.0144479109687087	0.300169161809985	0.764062659995229	0.345327636748682	score_SCZ25EUR_sbrc.profile	0.999999948257751
SCZ25_EUR_SBayesRC_raw	EUR	rh_PGi	-0.0160529460553866	0.0151483621764968	-1.05971496247253	0.289341702306793	4308	0.00549631557793443	0.0132518639025868	0.414757925250161	0.6783424810435	0.522132501252849	score_SCZ25EUR_sbrc.profile	0.999999948257751
SCZ25_EUR_SBayesRC_raw	EUR	rh_PGp	-0.0158883630630862	0.0154826992292823	-1.0262011053626	0.304859982430175	4308	0.00240298272196247	0.0140603553467071	0.17090483581023	0.864307491223901	0.433343169314687	score_SCZ25EUR_sbrc.profile	0.999999948257751
SCZ25_EUR_SBayesRC_raw	EUR	rh_PGs	-0.0453447407335541	0.0153348788542375	-2.95696765292827	0.00312598270269964	4308	-0.0269123320228493	0.0139683436883835	-1.92666594001623	0.0540952513969096	0.433008425228689	score_SCZ25EUR_sbrc.profile	0.999999948257751
SCZ25_EUR_SBayesRC_raw	EUR	rh_PH	-0.0149106225189291	0.0150661619765487	-0.989676238854878	0.322394772777193	4308	0.00149077162599918	0.0139798904561458	0.10663686032989	0.915082679895891	0.422708516628441	score_SCZ25EUR_sbrc.profile	0.999999948257751
SCZ25_EUR_SBayesRC_raw	EUR	rh_PHA1	-0.0238454251085944	0.01539381654566	-1.54902619749078	0.121457939980299	4308	-0.0184473774280061	0.015314695932162	-1.20455394672677	0.228449367249078	0.155651329056728	score_SCZ25EUR_sbrc.profile	0.999999948257751
SCZ25_EUR_SBayesRC_raw	EUR	rh_PHA2	-0.00637208453970128	0.0154659498058426	-0.412007320578145	0.680356762744238	4308	0.00522519215590019	0.0149463958268331	0.349595462105952	0.726661325646439	0.277625983076353	score_SCZ25EUR_sbrc.profile	0.999999948257751
SCZ25_EUR_SBayesRC_raw	EUR	rh_PHA3	-0.0258729297505767	0.015393491858181	-1.68077067821531	0.0928891603058173	4308	-0.0144784821325924	0.0148843679037564	-0.972730735104874	0.330749123985882	0.284153901885406	score_SCZ25EUR_sbrc.profile	0.999999948257751
SCZ25_EUR_SBayesRC_raw	EUR	rh_PHT	-0.00437775862133256	0.0155178927550738	-0.282110379961298	0.777873522645067	4308	0.0115639592227643	0.0145086363211688	0.79703970564704	0.42547661287001	0.381187808947768	score_SCZ25EUR_sbrc.profile	0.999999948257751
SCZ25_EUR_SBayesRC_raw	EUR	rh_PI	-0.0381270556921678	0.015360560594561	-2.48213959753969	0.0131024694754488	4308	-0.0267456940225375	0.0149137069054133	-1.79336325919276	0.0729932427665348	0.28980004266337	score_SCZ25EUR_sbrc.profile	0.999999948257751
SCZ25_EUR_SBayesRC_raw	EUR	rh_PIT	-0.00285994038049963	0.0152109461619895	-0.188018572286207	0.850871860177499	4308	0.0115488831008467	0.0143912803386275	0.802491705331352	0.422317677781438	0.371317956590957	score_SCZ25EUR_sbrc.profile	0.999999948257751
SCZ25_EUR_SBayesRC_raw	EUR	rh_POS1	-0.00790871070138381	0.0152373870472469	-0.519033261861833	0.603767148335944	4308	0.00888180503586879	0.0141190410358889	0.629065742729434	0.529343323137035	0.411765617564952	score_SCZ25EUR_sbrc.profile	0.999999948257751
SCZ25_EUR_SBayesRC_raw	EUR	rh_POS2	-0.018614883098842	0.0153221155045209	-1.21490293512992	0.224476316883603	4308	0.00256663284824213	0.0135015972307262	0.190098460528887	0.84924184388037	0.498370909165285	score_SCZ25EUR_sbrc.profile	0.999999948257751
SCZ25_EUR_SBayesRC_raw	EUR	rh_PSL	-0.0120776220428687	0.0154835954693075	-0.780026968982082	0.435426439204196	4308	0.00335403578781523	0.0146133011370463	0.229519378021465	0.818478220708741	0.335368640814658	score_SCZ25EUR_sbrc.profile	0.999999948257751
SCZ25_EUR_SBayesRC_raw	EUR	rh_PeEc	-0.00730480748856618	0.015620726246128	-0.467635587069895	0.640070503146014	4308	0.00308289468004794	0.0151635720412859	0.203309264575268	0.838903670114463	0.240488267010449	score_SCZ25EUR_sbrc.profile	0.999999948257751
SCZ25_EUR_SBayesRC_raw	EUR	rh_Pir	0.0426115759277379	0.0156141423165105	2.72903724482389	0.00637920856250566	4308	0.046975598091807	0.0155548229835269	3.02000210105611	0.00254339204441308	0.101893231937402	score_SCZ25EUR_sbrc.profile	0.999999948257751
SCZ25_EUR_SBayesRC_raw	EUR	rh_PoI1	-0.00887336226162277	0.0155144521511336	-0.571941707975453	0.567394133532069	4308	-0.00132941094251076	0.0153143896424941	-0.0868079612407104	0.93082857850848	0.185518606792625	score_SCZ25EUR_sbrc.profile	0.999999948257751
SCZ25_EUR_SBayesRC_raw	EUR	rh_PoI2	-0.00455538205280993	0.0155252871767265	-0.293416926911263	0.769218942070911	4308	0.00333957218313406	0.0152794306848307	0.218566532485373	0.826999105396119	0.187697581542352	score_SCZ25EUR_sbrc.profile	0.999999948257751
SCZ25_EUR_SBayesRC_raw	EUR	rh_PreS	0.0270534220909052	0.0155970609688015	1.73452050646078	0.0829021927879077	4308	0.0287168791529624	0.0156028863691051	1.84048505344652	0.0657704976854396	0.0398584388206695	score_SCZ25EUR_sbrc.profile	0.999999948257751
SCZ25_EUR_SBayesRC_raw	EUR	rh_ProS	-0.0162032375305723	0.0154754830798572	-1.04702628324813	0.295151179247843	4308	-0.00685935865022673	0.0151360099239768	-0.45318143187531	0.650442985604451	0.236091360736402	score_SCZ25EUR_sbrc.profile	0.999999948257751
SCZ25_EUR_SBayesRC_raw	EUR	rh_RI	-0.0351752053209919	0.0152358156213701	-2.30871823308588	0.0210134858852157	4308	-0.0206015030567405	0.0144308170782419	-1.42760475342747	0.153488368901551	0.361640093836795	score_SCZ25EUR_sbrc.profile	0.999999948257751
SCZ25_EUR_SBayesRC_raw	EUR	rh_RSC	0.00486472602726818	0.0152399233620546	0.319209349791135	0.749584785801635	4308	0.00967381516323149	0.0151625610751371	0.638006674155741	0.523506640834919	0.161497097917767	score_SCZ25EUR_sbrc.profile	0.999999948257751
SCZ25_EUR_SBayesRC_raw	EUR	rh_SCEF	-0.0275461174551341	0.0152412231366131	-1.80734296770196	0.0707853150608749	4308	-0.0120666911724349	0.0143496459245992	-0.840905150959114	0.400452933578783	0.377087068663008	score_SCZ25EUR_sbrc.profile	0.999999948257751
SCZ25_EUR_SBayesRC_raw	EUR	rh_SFL	-0.0352880488542254	0.0156014898818107	-2.26183839630385	0.0237612148273424	4308	-0.0225314482864531	0.0149102917255012	-1.51113396714548	0.130834665645262	0.289868641857001	score_SCZ25EUR_sbrc.profile	0.999999948257751
SCZ25_EUR_SBayesRC_raw	EUR	rh_STGa	-0.0108060262751027	0.0152702430113738	-0.707652541420198	0.479199461373288	4308	0.00203215925944443	0.014657052880596	0.13864719435752	0.889735450714015	0.298842665268941	score_SCZ25EUR_sbrc.profile	0.999999948257751
SCZ25_EUR_SBayesRC_raw	EUR	rh_STSda	-0.0218581319008727	0.0152343186806615	-1.43479550080697	0.151426224725804	4308	-0.00482129197651621	0.0139932132115158	-0.344545023622488	0.730455504393341	0.42186011272531	score_SCZ25EUR_sbrc.profile	0.999999948257751
SCZ25_EUR_SBayesRC_raw	EUR	rh_STSdp	-0.0405143147077237	0.0153571132931148	-2.63814650152303	0.00836882939608546	4308	-0.0224881252432006	0.014052132225996	-1.60033544244611	0.109604949869897	0.429192946154282	score_SCZ25EUR_sbrc.profile	0.999999948257751
SCZ25_EUR_SBayesRC_raw	EUR	rh_STSva	-0.0465908433391597	0.0153379470714074	-3.03761925388393	0.00240036727180903	4308	-0.032774522179433	0.0146057665458163	-2.24394399818892	0.0248918761142318	0.344698379903547	score_SCZ25EUR_sbrc.profile	0.999999948257751
SCZ25_EUR_SBayesRC_raw	EUR	rh_STSvp	-0.0149885213395615	0.0152843774694095	-0.980643233233404	0.326830385174171	4308	0.00153846768378445	0.0141931968846754	0.10839472574678	0.913688298648378	0.401700825137728	score_SCZ25EUR_sbrc.profile	0.999999948257751
SCZ25_EUR_SBayesRC_raw	EUR	rh_STV	-0.0358033276941339	0.0154125179787432	-2.32300314221942	0.0202336510322716	4308	-0.0190767029113467	0.0143198011056016	-1.33219049417413	0.182882141508878	0.387814252006904	score_SCZ25EUR_sbrc.profile	0.999999948257751
SCZ25_EUR_SBayesRC_raw	EUR	rh_TA2	-0.0200176392165662	0.0153120671358895	-1.30731135377845	0.191185839407659	4308	-0.00719846554170864	0.0146611732586235	-0.490988368715621	0.623463197921187	0.325291169485639	score_SCZ25EUR_sbrc.profile	0.999999948257751
SCZ25_EUR_SBayesRC_raw	EUR	rh_TE1a	-0.0235127381878903	0.0153011415988261	-1.53666561648539	0.124462953911687	4308	-0.0074556298636291	0.0142048679333446	-0.524864426660927	0.599710612728599	0.390458337739883	score_SCZ25EUR_sbrc.profile	0.999999948257751
SCZ25_EUR_SBayesRC_raw	EUR	rh_TE1m	-0.0221329975154772	0.0156454924999525	-1.41465649071414	0.157246648945716	4308	-0.0068480087065423	0.0147407342412492	-0.464563609550697	0.64226946826307	0.351547486784333	score_SCZ25EUR_sbrc.profile	0.999999948257751
SCZ25_EUR_SBayesRC_raw	EUR	rh_TE1p	0.00490060346472934	0.0156495893718615	0.313145817968924	0.754186186674493	4308	0.0205322396632182	0.0146924668711562	1.39746714035656	0.162350991790064	0.354368936151429	score_SCZ25EUR_sbrc.profile	0.999999948257751
SCZ25_EUR_SBayesRC_raw	EUR	rh_TE2a	-0.00868087650177426	0.0154886972142413	-0.560465246476154	0.575193928677202	4308	0.00876051797299141	0.0141371590892353	0.619680228375027	0.53550448712444	0.424354820798529	score_SCZ25EUR_sbrc.profile	0.999999948257751
SCZ25_EUR_SBayesRC_raw	EUR	rh_TE2p	-0.0369658316835476	0.0152020965296326	-2.43162721743623	0.0150778062078493	4308	-0.0247954669489769	0.0146221529468017	-1.69574665503689	0.0900180929686423	0.310690329895494	score_SCZ25EUR_sbrc.profile	0.999999948257751
SCZ25_EUR_SBayesRC_raw	EUR	rh_TF	-0.0150721821643335	0.0152477853394183	-0.98848336521168	0.322978321486035	4308	-0.00262471546156155	0.0146588679797722	-0.17905308003206	0.857905502789181	0.309313151024832	score_SCZ25EUR_sbrc.profile	0.999999948257751
SCZ25_EUR_SBayesRC_raw	EUR	rh_TGd	-0.00671751605076568	0.0154233028796302	-0.435543288178411	0.663191831960197	4308	0.00497792605511666	0.0149098775399217	0.333867668717472	0.7384971236449	0.287423033284445	score_SCZ25EUR_sbrc.profile	0.999999948257751
SCZ25_EUR_SBayesRC_raw	EUR	rh_TGv	-0.0536078446393359	0.015412042521255	-3.47830889808436	0.000510012047142605	4308	-0.0417436091246711	0.0148807294392129	-2.80521255998853	0.00505281840896837	0.290621960447882	score_SCZ25EUR_sbrc.profile	0.999999948257751
SCZ25_EUR_SBayesRC_raw	EUR	rh_TPOJ1	-0.0329715670286016	0.0152227212138583	-2.16594435156477	0.030375113736791	4308	-0.011184978399517	0.0132408024009612	-0.844735693563781	0.398309779875654	0.529097580166908	score_SCZ25EUR_sbrc.profile	0.999999948257751
SCZ25_EUR_SBayesRC_raw	EUR	rh_TPOJ2	-0.0175202565614193	0.0152496388547939	-1.14889649048388	0.250669547197801	4308	0.000679591451297438	0.0139123677447231	0.0488480080290576	0.961042969387138	0.436250063886803	score_SCZ25EUR_sbrc.profile	0.999999948257751
SCZ25_EUR_SBayesRC_raw	EUR	rh_TPOJ3	-0.0261396813986369	0.0152627146639837	-1.71264954984189	0.0868621288129005	4308	-0.0090734942492294	0.0141385302304537	-0.641756540555083	0.521071739116965	0.400168980013067	score_SCZ25EUR_sbrc.profile	0.999999948257751
SCZ25_EUR_SBayesRC_raw	EUR	rh_V1	0.00261961296651276	0.0154533242340378	0.169517763740616	0.865398192395094	4308	0.0124111950859398	0.0150988760433553	0.821994633925201	0.411130261438028	0.220220728831668	score_SCZ25EUR_sbrc.profile	0.999999948257751
SCZ25_EUR_SBayesRC_raw	EUR	rh_V2	-0.0120189230078261	0.0152943285760637	-0.785841820257236	0.432008059268375	4308	0.00688614397437708	0.0138560116608081	0.496978794688418	0.619232110505701	0.438406879008711	score_SCZ25EUR_sbrc.profile	0.999999948257751
SCZ25_EUR_SBayesRC_raw	EUR	rh_V3	0.0054909908694937	0.0152062722777225	0.361100391286437	0.718044099265616	4308	0.0221830976373495	0.0142041737667383	1.56173093920431	0.118431484413768	0.406425277778916	score_SCZ25EUR_sbrc.profile	0.999999948257751
SCZ25_EUR_SBayesRC_raw	EUR	rh_V3A	-0.0223239109101803	0.0152261619318042	-1.46615483338256	0.142690108924806	4308	-0.00337809518595288	0.0138306221698957	-0.244247521511055	0.807052431640518	0.441633162365634	score_SCZ25EUR_sbrc.profile	0.999999948257751
SCZ25_EUR_SBayesRC_raw	EUR	rh_V3B	-0.03515059026161	0.0154990529968346	-2.26791857985058	0.0233901654284928	4308	-0.0191260156312436	0.014508550735204	-1.31825817618266	0.187496723122087	0.367488081807358	score_SCZ25EUR_sbrc.profile	0.999999948257751
SCZ25_EUR_SBayesRC_raw	EUR	rh_V3CD	-0.0520411917654916	0.0153919389964934	-3.38106795884182	0.000729411255360533	4308	-0.0353866881310199	0.0143088549649769	-2.47306218545328	0.0134404483086321	0.374128215818273	score_SCZ25EUR_sbrc.profile	0.999999948257751
SCZ25_EUR_SBayesRC_raw	EUR	rh_V4	-0.0268581055753235	0.0151794489776443	-1.76937289455494	0.0769114556581286	4308	-0.004941199194858	0.0132829648583114	-0.371995201942148	0.709916745835691	0.521129370697996	score_SCZ25EUR_sbrc.profile	0.999999948257751
SCZ25_EUR_SBayesRC_raw	EUR	rh_V4t	-0.0329593564592215	0.0151848246725994	-2.17054573693537	0.0300201509990454	4308	-0.018763726103679	0.0144228323517244	-1.30097373706459	0.193337266633761	0.347982274438329	score_SCZ25EUR_sbrc.profile	0.999999948257751
SCZ25_EUR_SBayesRC_raw	EUR	rh_V6	-0.0131778668194058	0.0153978056017945	-0.855827587397912	0.392146223790626	4308	0.00355963094334278	0.0143381081551912	0.248263641535861	0.803943467517362	0.393080139371368	score_SCZ25EUR_sbrc.profile	0.999999948257751
SCZ25_EUR_SBayesRC_raw	EUR	rh_V6A	-0.0197978676564528	0.0155338979219875	-1.27449451231618	0.202564407920427	4308	-0.00583887256833254	0.0147545407026282	-0.395733942927309	0.692323175974152	0.328551571581829	score_SCZ25EUR_sbrc.profile	0.999999948257751
SCZ25_EUR_SBayesRC_raw	EUR	rh_V7	-0.0263933917684204	0.0153291274141024	-1.7217804416016	0.0851905955483552	4308	-0.0089551226748111	0.0141597946872749	-0.632433087667497	0.527141759678846	0.397760965856783	score_SCZ25EUR_sbrc.profile	0.999999948257751
SCZ25_EUR_SBayesRC_raw	EUR	rh_V8	-0.00580327579367048	0.015328640556508	-0.378590376118293	0.705012817283536	4308	0.00998131543958393	0.0142914187022446	0.698413197985466	0.484961146158138	0.394746934605914	score_SCZ25EUR_sbrc.profile	0.999999948257751
SCZ25_EUR_SBayesRC_raw	EUR	rh_VIP	-0.00624872104124414	0.0154253316238247	-0.405094761891076	0.685430874937907	4308	0.00886203914744316	0.0145413450088705	0.609437376118725	0.542271365520048	0.341541642604134	score_SCZ25EUR_sbrc.profile	0.999999948257751
SCZ25_EUR_SBayesRC_raw	EUR	rh_VMV1	0.00350346029242481	0.0154559403493765	0.226674030387685	0.820689010515092	4308	0.0142625314954164	0.0150080999430771	0.950322262612292	0.342007292090912	0.264209450158776	score_SCZ25EUR_sbrc.profile	0.999999948257751
SCZ25_EUR_SBayesRC_raw	EUR	rh_VMV2	-0.00288007195702752	0.0153793476204775	-0.18726879891789	0.85145982150591	4308	0.0100450874235194	0.0147188411786441	0.682464556930883	0.494987088141401	0.316378511518244	score_SCZ25EUR_sbrc.profile	0.999999948257751
SCZ25_EUR_SBayesRC_raw	EUR	rh_VMV3	-0.0415685076350627	0.0152423558765826	-2.72717078459807	0.00641787053278356	4308	-0.0277932429580348	0.0144869182094741	-1.91850623825974	0.0551242893179899	0.341157702226963	score_SCZ25EUR_sbrc.profile	0.999999948257751
SCZ25_EUR_SBayesRC_raw	EUR	rh_VVC	0.00838033969402659	0.0149357181153883	0.561093857642661	0.574766505819524	4308	0.0196228649134573	0.0144292305754932	1.35993841187797	0.17393036790412	0.321583210908002	score_SCZ25EUR_sbrc.profile	0.999999948257751
SCZ25_EUR_SBayesRC_raw	EUR	rh_a10p	0.0101548854657097	0.0154724325731846	0.656321196920854	0.511657051616222	4308	0.0246032485267746	0.0146153039631468	1.68338945182481	0.0923829972250158	0.329879600293924	score_SCZ25EUR_sbrc.profile	0.999999948257751
SCZ25_EUR_SBayesRC_raw	EUR	rh_a24	-0.0160281961893609	0.0155925288255118	-1.02794077655552	0.304040317686867	4308	-0.00470982039288259	0.0150897618838267	-0.312120259361455	0.754965653727355	0.24873228091167	score_SCZ25EUR_sbrc.profile	0.999999948257751
SCZ25_EUR_SBayesRC_raw	EUR	rh_a24pr	0.0068848920266542	0.0153146958683786	0.449561133033662	0.653051999679	4308	0.0175462740900502	0.0148617289232035	1.18063478217903	0.237820804505734	0.273248289940782	score_SCZ25EUR_sbrc.profile	0.999999948257751
SCZ25_EUR_SBayesRC_raw	EUR	rh_a32pr	-0.034783605492427	0.0155212167591523	-2.24103599815501	0.0250800007345964	4308	-0.0198459944418299	0.0146386046984487	-1.35572992444649	0.17526460427371	0.3310708774618	score_SCZ25EUR_sbrc.profile	0.999999948257751
SCZ25_EUR_SBayesRC_raw	EUR	rh_a47r	-0.0153561071379623	0.0154653279507479	-0.992937698241286	0.320801886551594	4308	0.00352250534691384	0.0140017076956925	0.251576837873676	0.801381594954791	0.434636833938228	score_SCZ25EUR_sbrc.profile	0.999999948257751
SCZ25_EUR_SBayesRC_raw	EUR	rh_a9-46v	-0.00337612605053885	0.0155560743055453	-0.217029437133464	0.828196716303843	4308	0.0127979952546708	0.0144554046137632	0.885343274479193	0.376026553331534	0.364947571760038	score_SCZ25EUR_sbrc.profile	0.999999948257751
SCZ25_EUR_SBayesRC_raw	EUR	rh_d23ab	-0.0216388059320395	0.0154884059543132	-1.39709702831062	0.162464652256755	4308	-0.0105149192519736	0.014966457987798	-0.702565647833725	0.482368978900512	0.267774859649713	score_SCZ25EUR_sbrc.profile	0.999999948257751
SCZ25_EUR_SBayesRC_raw	EUR	rh_d32	-0.0189538847237926	0.0154028815532998	-1.23054148395578	0.218571060009727	4308	-0.00296146325194164	0.0143470381552544	-0.206416350182845	0.836477017221133	0.362586110954194	score_SCZ25EUR_sbrc.profile	0.999999948257751
SCZ25_EUR_SBayesRC_raw	EUR	rh_i6-8	-0.0253211621864338	0.0155843349195282	-1.62478298350126	0.104289191262613	4308	-0.0150009471291883	0.0151740285033682	-0.988593577892551	0.322923249890606	0.22320594028886	score_SCZ25EUR_sbrc.profile	0.999999948257751
SCZ25_EUR_SBayesRC_raw	EUR	rh_p10p	0.00470757482336528	0.0156264760011558	0.301256330795061	0.763235127390954	4308	0.0197186360913838	0.0146416800636019	1.34674682179423	0.178142764294606	0.34091249407689	score_SCZ25EUR_sbrc.profile	0.999999948257751
SCZ25_EUR_SBayesRC_raw	EUR	rh_p24	0.00216097401393966	0.0154363547504362	0.13999250787357	0.888673316168583	4308	0.0130616572713165	0.0149839425111528	0.871710316666956	0.383421672044546	0.259476348167938	score_SCZ25EUR_sbrc.profile	0.999999948257751
SCZ25_EUR_SBayesRC_raw	EUR	rh_p24pr	0.00203971581458849	0.0152254403238402	0.133967607583387	0.893435328970836	4308	0.0138956359027906	0.0146719026041763	0.947091612974261	0.343653144086078	0.305850977140312	score_SCZ25EUR_sbrc.profile	0.999999948257751
SCZ25_EUR_SBayesRC_raw	EUR	rh_p32	-0.0161667561055073	0.0154426262838785	-1.04689162376382	0.295216894796002	4308	-0.00177288377426189	0.0146791723631379	-0.120775458616041	0.903875320462348	0.311610052189804	score_SCZ25EUR_sbrc.profile	0.999999948257751
SCZ25_EUR_SBayesRC_raw	EUR	rh_p32pr	-0.0409173394941944	0.0153781737458228	-2.66074113678869	0.00782922478585615	4308	-0.0241328685676841	0.0142610063520647	-1.69222760104795	0.0906860389540566	0.376110881573293	score_SCZ25EUR_sbrc.profile	0.999999948257751
SCZ25_EUR_SBayesRC_raw	EUR	rh_p47r	-0.0130715847141249	0.0155201660892073	-0.842232269873377	0.399709883846672	4308	0.00161047947122998	0.0146809151778301	0.109698847225955	0.912653924061428	0.324168930761124	score_SCZ25EUR_sbrc.profile	0.999999948257751
SCZ25_EUR_SBayesRC_raw	EUR	rh_p9-46v	-0.026786315201833	0.0154700828543293	-1.73149138592602	0.0834440820024807	4308	-0.00922885794435467	0.0141722085902846	-0.651194052469794	0.514960299066668	0.398755052934791	score_SCZ25EUR_sbrc.profile	0.999999948257751
SCZ25_EUR_SBayesRC_raw	EUR	rh_pOFC	0.0132787200280637	0.0154334893216995	0.860383530339686	0.389629201678558	4308	0.0184743426180017	0.0153520170614547	1.20338210568997	0.228899653221126	0.138126348303644	score_SCZ25EUR_sbrc.profile	0.999999948257751
SCZ25_EUR_SBayesRC_raw	EUR	rh_s32	-0.0160741035422521	0.0153599975026854	-1.04649128617644	0.295401256295253	4308	-0.00519519807837111	0.0149284036184678	-0.348007610937327	0.727851530181121	0.24233098101273	score_SCZ25EUR_sbrc.profile	0.999999948257751
SCZ25_EUR_SBayesRC_raw	EUR	rh_s6-8	-0.0383997243475262	0.0154786495992712	-2.48081876272554	0.0131500693841534	4308	-0.0231220412967659	0.0145110351622926	-1.59341087924929	0.111150555435922	0.35862872319078	score_SCZ25EUR_sbrc.profile	0.999999948257751
SCZ25_EUR_SBayesRC_raw	EUR	rh_v23ab	-0.0136028049225543	0.0153558863108499	-0.885836522047124	0.375760840371549	4308	-0.00195361825137707	0.0148291700528609	-0.131741577203114	0.895195598380604	0.29390229015968	score_SCZ25EUR_sbrc.profile	0.999999948257751
