option	ds	component	reference	rho	p_spin	n_regions	sal_dCT	p_spin_component
opt1_dCT	ds0	PLS1	NSPN_PLS2	-0.5443	0.0148	33	1	0.05979
opt1_dCT	ds0	PLS1	NSPN_CT_delta	0.411	0.05799	33	1	0.05979
opt1_dCT	ds0	PLS1	NSPN_MT_delta	-0.265	0.2503	33	1	0.05979
opt1_dCT	ds0	PLS1	NSPN_CT	0.4551	0.05619	33	1	0.05979
opt1_dCT	ds0	PLS1	NSPN_MT	-0.353	0.145	33	1	0.05979
opt1_dCT	ds0	PLS1	C1_shipped	-0.7607	0.0012	33	1	0.05979
opt1_dCT	ds0	PLS1	C2_shipped	0.01738	0.9514	33	1	0.05979
opt1_dCT	ds0	PLS1	C3_shipped	-0.2607	0.2308	33	1	0.05979
opt1_dCT	ds0	PLS1	C1_recomputed_ds0	-0.7961	0.0009998	33	1	0.05979
opt1_dCT	ds0	PLS1	C2_recomputed_ds0	0.1564	0.6479	33	1	0.05979
opt1_dCT	ds0	PLS1	C3_recomputed_ds0	-0.3954	0.04219	33	1	0.05979
opt2_dCT_CT	ds0	PLS1	NSPN_PLS2	-0.2287	0.4827	33	0.3607	0.0003999
opt2_dCT_CT	ds0	PLS1	NSPN_CT_delta	0.07203	0.7818	33	0.3607	0.0003999
opt2_dCT_CT	ds0	PLS1	NSPN_MT_delta	-0.004345	0.9888	33	0.3607	0.0003999
opt2_dCT_CT	ds0	PLS1	NSPN_CT	0.6498	0.0102	33	0.3607	0.0003999
opt2_dCT_CT	ds0	PLS1	NSPN_MT	-0.6688	0.005599	33	0.3607	0.0003999
opt2_dCT_CT	ds0	PLS1	C1_shipped	-0.9719	0.0009998	33	0.3607	0.0003999
opt2_dCT_CT	ds0	PLS1	C2_shipped	0.1193	0.7954	33	0.3607	0.0003999
opt2_dCT_CT	ds0	PLS1	C3_shipped	0.04044	0.8568	33	0.3607	0.0003999
opt2_dCT_CT	ds0	PLS1	C1_recomputed_ds0	-0.9856	0.0009998	33	0.3607	0.0003999
opt2_dCT_CT	ds0	PLS1	C2_recomputed_ds0	0.2106	0.6579	33	0.3607	0.0003999
opt2_dCT_CT	ds0	PLS1	C3_recomputed_ds0	0	1	33	0.3607	0.0003999
opt2_dCT_CT	ds0	PLS2	NSPN_PLS2	-0.6874	0.0024	33	0.9327	0.0016
opt2_dCT_CT	ds0	PLS2	NSPN_CT_delta	0.7649	0.0009998	33	0.9327	0.0016
opt2_dCT_CT	ds0	PLS2	NSPN_MT_delta	-0.6183	0.002599	33	0.9327	0.0016
opt2_dCT_CT	ds0	PLS2	NSPN_CT	-0.3696	0.1098	33	0.9327	0.0016
opt2_dCT_CT	ds0	PLS2	NSPN_MT	0.4789	0.023	33	0.9327	0.0016
opt2_dCT_CT	ds0	PLS2	C1_shipped	0.2604	0.3285	33	0.9327	0.0016
opt2_dCT_CT	ds0	PLS2	C2_shipped	-0.5023	0.0238	33	0.9327	0.0016
opt2_dCT_CT	ds0	PLS2	C3_shipped	-0.8015	0.0009998	33	0.9327	0.0016
opt2_dCT_CT	ds0	PLS2	C1_recomputed_ds0	0.2213	0.4257	33	0.9327	0.0016
opt2_dCT_CT	ds0	PLS2	C2_recomputed_ds0	-0.3533	0.2042	33	0.9327	0.0016
opt2_dCT_CT	ds0	PLS2	C3_recomputed_ds0	-0.8376	0.0009998	33	0.9327	0.0016
opt3_dCT_dT1T2	ds0	PLS1	NSPN_PLS2	-0.2391	0.4615	33	0.4584	0.005199
opt3_dCT_dT1T2	ds0	PLS1	NSPN_CT_delta	0.06819	0.7928	33	0.4584	0.005199
opt3_dCT_dT1T2	ds0	PLS1	NSPN_MT_delta	0.01237	0.9688	33	0.4584	0.005199
opt3_dCT_dT1T2	ds0	PLS1	NSPN_CT	0.6411	0.0128	33	0.4584	0.005199
opt3_dCT_dT1T2	ds0	PLS1	NSPN_MT	-0.6959	0.005199	33	0.4584	0.005199
opt3_dCT_dT1T2	ds0	PLS1	C1_shipped	-0.9833	0.0009998	33	0.4584	0.005199
opt3_dCT_dT1T2	ds0	PLS1	C2_shipped	0.05247	0.9136	33	0.4584	0.005199
opt3_dCT_dT1T2	ds0	PLS1	C3_shipped	0.1026	0.6711	33	0.4584	0.005199
opt3_dCT_dT1T2	ds0	PLS1	C1_recomputed_ds0	-0.9963	0.0009998	33	0.4584	0.005199
opt3_dCT_dT1T2	ds0	PLS1	C2_recomputed_ds0	0.1233	0.8056	33	0.4584	0.005199
opt3_dCT_dT1T2	ds0	PLS1	C3_recomputed_ds0	0.06517	0.7542	33	0.4584	0.005199
opt3_dCT_dT1T2	ds0	PLS2	NSPN_PLS2	-0.5562	0.0112	33	0.8888	0.017
opt3_dCT_dT1T2	ds0	PLS2	NSPN_CT_delta	0.6944	0.0014	33	0.8888	0.017
opt3_dCT_dT1T2	ds0	PLS2	NSPN_MT_delta	-0.4903	0.009998	33	0.8888	0.017
opt3_dCT_dT1T2	ds0	PLS2	NSPN_CT	-0.3049	0.149	33	0.8888	0.017
opt3_dCT_dT1T2	ds0	PLS2	NSPN_MT	0.4121	0.03539	33	0.8888	0.017
opt3_dCT_dT1T2	ds0	PLS2	C1_shipped	0.3269	0.132	33	0.8888	0.017
opt3_dCT_dT1T2	ds0	PLS2	C2_shipped	-0.254	0.2945	33	0.8888	0.017
opt3_dCT_dT1T2	ds0	PLS2	C3_shipped	-0.7533	0.0009998	33	0.8888	0.017
opt3_dCT_dT1T2	ds0	PLS2	C1_recomputed_ds0	0.2801	0.2054	33	0.8888	0.017
opt3_dCT_dT1T2	ds0	PLS2	C2_recomputed_ds0	-0.07888	0.7708	33	0.8888	0.017
opt3_dCT_dT1T2	ds0	PLS2	C3_recomputed_ds0	-0.8499	0.0009998	33	0.8888	0.017
opt4_full4	ds0	PLS1	NSPN_PLS2	-0.216	0.5141	33	0.2092	0.0002
opt4_full4	ds0	PLS1	NSPN_CT_delta	0.05014	0.8538	33	0.2092	0.0002
opt4_full4	ds0	PLS1	NSPN_MT_delta	0.02106	0.944	33	0.2092	0.0002
opt4_full4	ds0	PLS1	NSPN_CT	0.6505	0.0118	33	0.2092	0.0002
opt4_full4	ds0	PLS1	NSPN_MT	-0.6942	0.004999	33	0.2092	0.0002
opt4_full4	ds0	PLS1	C1_shipped	-0.9846	0.0009998	33	0.2092	0.0002
opt4_full4	ds0	PLS1	C2_shipped	0.0869	0.8536	33	0.2092	0.0002
opt4_full4	ds0	PLS1	C3_shipped	0.09024	0.7129	33	0.2092	0.0002
opt4_full4	ds0	PLS1	C1_recomputed_ds0	-0.9967	0.0009998	33	0.2092	0.0002
opt4_full4	ds0	PLS1	C2_recomputed_ds0	0.1621	0.7445	33	0.2092	0.0002
opt4_full4	ds0	PLS1	C3_recomputed_ds0	0.05749	0.7798	33	0.2092	0.0002
opt4_full4	ds0	PLS2	NSPN_PLS2	-0.6439	0.003799	33	0.8677	0.08418
opt4_full4	ds0	PLS2	NSPN_CT_delta	0.7392	0.0009998	33	0.8677	0.08418
opt4_full4	ds0	PLS2	NSPN_MT_delta	-0.5187	0.006199	33	0.8677	0.08418
opt4_full4	ds0	PLS2	NSPN_CT	-0.2979	0.1582	33	0.8677	0.08418
opt4_full4	ds0	PLS2	NSPN_MT	0.3807	0.05939	33	0.8677	0.08418
opt4_full4	ds0	PLS2	C1_shipped	0.2109	0.3697	33	0.8677	0.08418
opt4_full4	ds0	PLS2	C2_shipped	-0.4475	0.0184	33	0.8677	0.08418
opt4_full4	ds0	PLS2	C3_shipped	-0.7824	0.0009998	33	0.8677	0.08418
opt4_full4	ds0	PLS2	C1_recomputed_ds0	0.1621	0.5251	33	0.8677	0.08418
opt4_full4	ds0	PLS2	C2_recomputed_ds0	-0.2764	0.2517	33	0.8677	0.08418
opt4_full4	ds0	PLS2	C3_recomputed_ds0	-0.8158	0.0009998	33	0.8677	0.08418
opt4_full4	ds0	PLS3	NSPN_PLS2	0.2319	0.5105	33	0.1523	0.06399
opt4_full4	ds0	PLS3	NSPN_CT_delta	-0.08891	0.7329	33	0.1523	0.06399
opt4_full4	ds0	PLS3	NSPN_MT_delta	0.1454	0.6833	33	0.1523	0.06399
opt4_full4	ds0	PLS3	NSPN_CT	0.1814	0.6487	33	0.1523	0.06399
opt4_full4	ds0	PLS3	NSPN_MT	-0.1494	0.7129	33	0.1523	0.06399
opt4_full4	ds0	PLS3	C1_shipped	0.02741	0.9508	33	0.1523	0.06399
opt4_full4	ds0	PLS3	C2_shipped	0.7898	0.002599	33	0.1523	0.06399
opt4_full4	ds0	PLS3	C3_shipped	0.06517	0.8072	33	0.1523	0.06399
opt4_full4	ds0	PLS3	C1_recomputed_ds0	0.00869	0.9832	33	0.1523	0.06399
opt4_full4	ds0	PLS3	C2_recomputed_ds0	0.858	0.0012	33	0.1523	0.06399
opt4_full4	ds0	PLS3	C3_recomputed_ds0	-0.1979	0.3835	33	0.1523	0.06399
opt4_full4	ds0	PLS4	NSPN_PLS2	-0.6211	0.002799	33	0.4245	0.003599
opt4_full4	ds0	PLS4	NSPN_CT_delta	0.4651	0.015	33	0.4245	0.003599
opt4_full4	ds0	PLS4	NSPN_MT_delta	-0.5558	0.0172	33	0.4245	0.003599
opt4_full4	ds0	PLS4	NSPN_CT	-0.2733	0.4083	33	0.4245	0.003599
opt4_full4	ds0	PLS4	NSPN_MT	0.3966	0.1828	33	0.4245	0.003599
opt4_full4	ds0	PLS4	C1_shipped	-0.08924	0.8174	33	0.4245	0.003599
opt4_full4	ds0	PLS4	C2_shipped	-0.4044	0.2927	33	0.4245	0.003599
opt4_full4	ds0	PLS4	C3_shipped	-0.5849	0.003199	33	0.4245	0.003599
opt4_full4	ds0	PLS4	C1_recomputed_ds0	-0.09893	0.7892	33	0.4245	0.003599
opt4_full4	ds0	PLS4	C2_recomputed_ds0	-0.3576	0.3499	33	0.4245	0.003599
opt4_full4	ds0	PLS4	C3_recomputed_ds0	-0.6029	0.0012	33	0.4245	0.003599
opt5_slopePCs	ds0	PLS1	NSPN_PLS2	-0.2366	0.4789	33		0.008998
opt5_slopePCs	ds0	PLS1	NSPN_CT_delta	0.06301	0.8118	33		0.008998
opt5_slopePCs	ds0	PLS1	NSPN_MT_delta	0	1	33		0.008998
opt5_slopePCs	ds0	PLS1	NSPN_CT	0.6338	0.0166	33		0.008998
opt5_slopePCs	ds0	PLS1	NSPN_MT	-0.6748	0.006799	33		0.008998
opt5_slopePCs	ds0	PLS1	C1_shipped	-0.9866	0.0009998	33		0.008998
opt5_slopePCs	ds0	PLS1	C2_shipped	0.08991	0.8564	33		0.008998
opt5_slopePCs	ds0	PLS1	C3_shipped	0.08189	0.7445	33		0.008998
opt5_slopePCs	ds0	PLS1	C1_recomputed_ds0	-0.9943	0.0009998	33		0.008998
opt5_slopePCs	ds0	PLS1	C2_recomputed_ds0	0.1658	0.7427	33		0.008998
opt5_slopePCs	ds0	PLS1	C3_recomputed_ds0	0.02306	0.9116	33		0.008998
opt5_slopePCs	ds0	PLS2	NSPN_PLS2	-0.761	0.0009998	33		0.0009998
opt5_slopePCs	ds0	PLS2	NSPN_CT_delta	0.7253	0.0009998	33		0.0009998
opt5_slopePCs	ds0	PLS2	NSPN_MT_delta	-0.6153	0.009398	33		0.0009998
opt5_slopePCs	ds0	PLS2	NSPN_CT	-0.3523	0.3569	33		0.0009998
opt5_slopePCs	ds0	PLS2	NSPN_MT	0.4066	0.2549	33		0.0009998
opt5_slopePCs	ds0	PLS2	C1_shipped	0.08222	0.871	33		0.0009998
opt5_slopePCs	ds0	PLS2	C2_shipped	-0.8486	0.0014	33		0.0009998
opt5_slopePCs	ds0	PLS2	C3_shipped	-0.5839	0.0016	33		0.0009998
opt5_slopePCs	ds0	PLS2	C1_recomputed_ds0	0.06283	0.8878	33		0.0009998
opt5_slopePCs	ds0	PLS2	C2_recomputed_ds0	-0.7794	0.005799	33		0.0009998
opt5_slopePCs	ds0	PLS2	C3_recomputed_ds0	-0.5221	0.005999	33		0.0009998
opt5_slopePCs	ds0	PLS3	NSPN_PLS2	-0.2361	0.3593	33		0.2429
opt5_slopePCs	ds0	PLS3	NSPN_CT_delta	0.3976	0.05639	33		0.2429
opt5_slopePCs	ds0	PLS3	NSPN_MT_delta	-0.3242	0.1752	33		0.2429
opt5_slopePCs	ds0	PLS3	NSPN_CT	-0.117	0.6977	33		0.2429
opt5_slopePCs	ds0	PLS3	NSPN_MT	0.1526	0.5997	33		0.2429
opt5_slopePCs	ds0	PLS3	C1_shipped	0.1213	0.7025	33		0.2429
opt5_slopePCs	ds0	PLS3	C2_shipped	0.3606	0.2507	33		0.2429
opt5_slopePCs	ds0	PLS3	C3_shipped	-0.5057	0.0122	33		0.2429
opt5_slopePCs	ds0	PLS3	C1_recomputed_ds0	0.08656	0.789	33		0.2429
opt5_slopePCs	ds0	PLS3	C2_recomputed_ds0	0.5144	0.04059	33		0.2429
opt5_slopePCs	ds0	PLS3	C3_recomputed_ds0	-0.7276	0.0009998	33		0.2429
opt1_dCT	ds25	PLS1	NSPN_PLS2	-0.4484	0.08018	33	1	0.07778
opt1_dCT	ds25	PLS1	NSPN_CT_delta	0.2754	0.2304	33	1	0.07778
opt1_dCT	ds25	PLS1	NSPN_MT_delta	-0.1718	0.4899	33	1	0.07778
opt1_dCT	ds25	PLS1	NSPN_CT	0.5316	0.02859	33	1	0.07778
opt1_dCT	ds25	PLS1	NSPN_MT	-0.4795	0.05239	33	1	0.07778
opt1_dCT	ds25	PLS1	C1_shipped	-0.8676	0.0009998	33	1	0.07778
opt1_dCT	ds25	PLS1	C2_shipped	0.0518	0.8916	33	1	0.07778
opt1_dCT	ds25	PLS1	C3_shipped	-0.1337	0.5591	33	1	0.07778
opt1_dCT	ds25	PLS1	C1_recomputed_ds25	-0.8981	0.0009998	33	1	0.07778
opt1_dCT	ds25	PLS1	C2_recomputed_ds25	0.1801	0.6397	33	1	0.07778
opt1_dCT	ds25	PLS1	C3_recomputed_ds25	-0.2423	0.2523	33	1	0.07778
opt2_dCT_CT	ds25	PLS1	NSPN_PLS2	-0.2262	0.4865	33	0.3447	0.0009998
opt2_dCT_CT	ds25	PLS1	NSPN_CT_delta	0.06769	0.7982	33	0.3447	0.0009998
opt2_dCT_CT	ds25	PLS1	NSPN_MT_delta	0.002005	0.995	33	0.3447	0.0009998
opt2_dCT_CT	ds25	PLS1	NSPN_CT	0.6569	0.009598	33	0.3447	0.0009998
opt2_dCT_CT	ds25	PLS1	NSPN_MT	-0.6782	0.004799	33	0.3447	0.0009998
opt2_dCT_CT	ds25	PLS1	C1_shipped	-0.9756	0.0009998	33	0.3447	0.0009998
opt2_dCT_CT	ds25	PLS1	C2_shipped	0.1083	0.8176	33	0.3447	0.0009998
opt2_dCT_CT	ds25	PLS1	C3_shipped	0.05348	0.8238	33	0.3447	0.0009998
opt2_dCT_CT	ds25	PLS1	C1_recomputed_ds25	-0.99	0.0009998	33	0.3447	0.0009998
opt2_dCT_CT	ds25	PLS1	C2_recomputed_ds25	0.1905	0.6891	33	0.3447	0.0009998
opt2_dCT_CT	ds25	PLS1	C3_recomputed_ds25	0.003008	0.9922	33	0.3447	0.0009998
opt2_dCT_CT	ds25	PLS2	NSPN_PLS2	-0.7568	0.0012	33	0.9387	0.004199
opt2_dCT_CT	ds25	PLS2	NSPN_CT_delta	0.8126	0.0009998	33	0.9387	0.004199
opt2_dCT_CT	ds25	PLS2	NSPN_MT_delta	-0.6554	0.002	33	0.9387	0.004199
opt2_dCT_CT	ds25	PLS2	NSPN_CT	-0.368	0.1324	33	0.9387	0.004199
opt2_dCT_CT	ds25	PLS2	NSPN_MT	0.5018	0.022	33	0.9387	0.004199
opt2_dCT_CT	ds25	PLS2	C1_shipped	0.2206	0.4685	33	0.9387	0.004199
opt2_dCT_CT	ds25	PLS2	C2_shipped	-0.5709	0.0118	33	0.9387	0.004199
opt2_dCT_CT	ds25	PLS2	C3_shipped	-0.8279	0.0009998	33	0.9387	0.004199
opt2_dCT_CT	ds25	PLS2	C1_recomputed_ds25	0.1798	0.5619	33	0.9387	0.004199
opt2_dCT_CT	ds25	PLS2	C2_recomputed_ds25	-0.4188	0.127	33	0.9387	0.004199
opt2_dCT_CT	ds25	PLS2	C3_recomputed_ds25	-0.8479	0.0009998	33	0.9387	0.004199
opt3_dCT_dT1T2	ds25	PLS1	NSPN_PLS2	-0.244	0.4485	33	0.4346	0.004999
opt3_dCT_dT1T2	ds25	PLS1	NSPN_CT_delta	0.06652	0.8018	33	0.4346	0.004999
opt3_dCT_dT1T2	ds25	PLS1	NSPN_MT_delta	0.009024	0.9748	33	0.4346	0.004999
opt3_dCT_dT1T2	ds25	PLS1	NSPN_CT	0.647	0.0112	33	0.4346	0.004999
opt3_dCT_dT1T2	ds25	PLS1	NSPN_MT	-0.6936	0.005399	33	0.4346	0.004999
opt3_dCT_dT1T2	ds25	PLS1	C1_shipped	-0.9856	0.0009998	33	0.4346	0.004999
opt3_dCT_dT1T2	ds25	PLS1	C2_shipped	0.05882	0.9004	33	0.4346	0.004999
opt3_dCT_dT1T2	ds25	PLS1	C3_shipped	0.1013	0.6747	33	0.4346	0.004999
opt3_dCT_dT1T2	ds25	PLS1	C1_recomputed_ds25	-0.9973	0.0009998	33	0.4346	0.004999
opt3_dCT_dT1T2	ds25	PLS1	C2_recomputed_ds25	0.1267	0.7994	33	0.4346	0.004999
opt3_dCT_dT1T2	ds25	PLS1	C3_recomputed_ds25	0.04779	0.8138	33	0.4346	0.004999
opt3_dCT_dT1T2	ds25	PLS2	NSPN_PLS2	-0.5727	0.009998	33	0.9006	0.0238
opt3_dCT_dT1T2	ds25	PLS2	NSPN_CT_delta	0.7044	0.0014	33	0.9006	0.0238
opt3_dCT_dT1T2	ds25	PLS2	NSPN_MT_delta	-0.5374	0.006999	33	0.9006	0.0238
opt3_dCT_dT1T2	ds25	PLS2	NSPN_CT	-0.3382	0.1318	33	0.9006	0.0238
opt3_dCT_dT1T2	ds25	PLS2	NSPN_MT	0.4668	0.0228	33	0.9006	0.0238
opt3_dCT_dT1T2	ds25	PLS2	C1_shipped	0.3473	0.1356	33	0.9006	0.0238
opt3_dCT_dT1T2	ds25	PLS2	C2_shipped	-0.262	0.3429	33	0.9006	0.0238
opt3_dCT_dT1T2	ds25	PLS2	C3_shipped	-0.7911	0.0009998	33	0.9006	0.0238
opt3_dCT_dT1T2	ds25	PLS2	C1_recomputed_ds25	0.3005	0.207	33	0.9006	0.0238
opt3_dCT_dT1T2	ds25	PLS2	C2_recomputed_ds25	-0.08289	0.7848	33	0.9006	0.0238
opt3_dCT_dT1T2	ds25	PLS2	C3_recomputed_ds25	-0.8733	0.0009998	33	0.9006	0.0238
opt4_full4	ds25	PLS1	NSPN_PLS2	-0.2168	0.5163	33	0.206	0.0009998
opt4_full4	ds25	PLS1	NSPN_CT_delta	0.0468	0.866	33	0.206	0.0009998
opt4_full4	ds25	PLS1	NSPN_MT_delta	0.02406	0.9378	33	0.206	0.0009998
opt4_full4	ds25	PLS1	NSPN_CT	0.6502	0.0116	33	0.206	0.0009998
opt4_full4	ds25	PLS1	NSPN_MT	-0.6922	0.005199	33	0.206	0.0009998
opt4_full4	ds25	PLS1	C1_shipped	-0.986	0.0009998	33	0.206	0.0009998
opt4_full4	ds25	PLS1	C2_shipped	0.08489	0.8596	33	0.206	0.0009998
opt4_full4	ds25	PLS1	C3_shipped	0.09124	0.7141	33	0.206	0.0009998
opt4_full4	ds25	PLS1	C1_recomputed_ds25	-0.9977	0.0009998	33	0.206	0.0009998
opt4_full4	ds25	PLS1	C2_recomputed_ds25	0.1568	0.7542	33	0.206	0.0009998
opt4_full4	ds25	PLS1	C3_recomputed_ds25	0.04412	0.8304	33	0.206	0.0009998
opt4_full4	ds25	PLS2	NSPN_PLS2	-0.7342	0.0014	33	0.8649	0.1092
opt4_full4	ds25	PLS2	NSPN_CT_delta	0.7608	0.0009998	33	0.8649	0.1092
opt4_full4	ds25	PLS2	NSPN_MT_delta	-0.5508	0.005599	33	0.8649	0.1092
opt4_full4	ds25	PLS2	NSPN_CT	-0.2805	0.2711	33	0.8649	0.1092
opt4_full4	ds25	PLS2	NSPN_MT	0.4079	0.08358	33	0.8649	0.1092
opt4_full4	ds25	PLS2	C1_shipped	0.1725	0.5967	33	0.8649	0.1092
opt4_full4	ds25	PLS2	C2_shipped	-0.5916	0.007399	33	0.8649	0.1092
opt4_full4	ds25	PLS2	C3_shipped	-0.7901	0.0009998	33	0.8649	0.1092
opt4_full4	ds25	PLS2	C1_recomputed_ds25	0.1263	0.7027	33	0.8649	0.1092
opt4_full4	ds25	PLS2	C2_recomputed_ds25	-0.4311	0.1146	33	0.8649	0.1092
opt4_full4	ds25	PLS2	C3_recomputed_ds25	-0.7824	0.0009998	33	0.8649	0.1092
opt4_full4	ds25	PLS3	NSPN_PLS2	0.2244	0.5301	33	0.1847	0.03399
opt4_full4	ds25	PLS3	NSPN_CT_delta	-0.08206	0.7532	33	0.1847	0.03399
opt4_full4	ds25	PLS3	NSPN_MT_delta	0.1277	0.7175	33	0.1847	0.03399
opt4_full4	ds25	PLS3	NSPN_CT	0.1684	0.6733	33	0.1847	0.03399
opt4_full4	ds25	PLS3	NSPN_MT	-0.1454	0.7115	33	0.1847	0.03399
opt4_full4	ds25	PLS3	C1_shipped	0.02106	0.9648	33	0.1847	0.03399
opt4_full4	ds25	PLS3	C2_shipped	0.7971	0.0024	33	0.1847	0.03399
opt4_full4	ds25	PLS3	C3_shipped	0.04713	0.8612	33	0.1847	0.03399
opt4_full4	ds25	PLS3	C1_recomputed_ds25	0.003008	0.9958	33	0.1847	0.03399
opt4_full4	ds25	PLS3	C2_recomputed_ds25	0.8713	0.0009998	33	0.1847	0.03399
opt4_full4	ds25	PLS3	C3_recomputed_ds25	-0.2106	0.3601	33	0.1847	0.03399
opt4_full4	ds25	PLS4	NSPN_PLS2	-0.6258	0.002	33	0.4188	0.004599
opt4_full4	ds25	PLS4	NSPN_CT_delta	0.4755	0.0118	33	0.4188	0.004599
opt4_full4	ds25	PLS4	NSPN_MT_delta	-0.6013	0.0142	33	0.4188	0.004599
opt4_full4	ds25	PLS4	NSPN_CT	-0.3392	0.3127	33	0.4188	0.004599
opt4_full4	ds25	PLS4	NSPN_MT	0.4872	0.09318	33	0.4188	0.004599
opt4_full4	ds25	PLS4	C1_shipped	-0.04913	0.9008	33	0.4188	0.004599
opt4_full4	ds25	PLS4	C2_shipped	-0.357	0.4075	33	0.4188	0.004599
opt4_full4	ds25	PLS4	C3_shipped	-0.6778	0.0014	33	0.4188	0.004599
opt4_full4	ds25	PLS4	C1_recomputed_ds25	-0.05381	0.8974	33	0.4188	0.004599
opt4_full4	ds25	PLS4	C2_recomputed_ds25	-0.2955	0.4905	33	0.4188	0.004599
opt4_full4	ds25	PLS4	C3_recomputed_ds25	-0.6557	0.0012	33	0.4188	0.004599
opt5_slopePCs	ds25	PLS1	NSPN_PLS2	-0.2358	0.4775	33		0.008398
opt5_slopePCs	ds25	PLS1	NSPN_CT_delta	0.06067	0.825	33		0.008398
opt5_slopePCs	ds25	PLS1	NSPN_MT_delta	0.00869	0.9776	33		0.008398
opt5_slopePCs	ds25	PLS1	NSPN_CT	0.6406	0.015	33		0.008398
opt5_slopePCs	ds25	PLS1	NSPN_MT	-0.676	0.006799	33		0.008398
opt5_slopePCs	ds25	PLS1	C1_shipped	-0.986	0.0009998	33		0.008398
opt5_slopePCs	ds25	PLS1	C2_shipped	0.08289	0.8654	33		0.008398
opt5_slopePCs	ds25	PLS1	C3_shipped	0.07955	0.7508	33		0.008398
opt5_slopePCs	ds25	PLS1	C1_recomputed_ds25	-0.9973	0.0009998	33		0.008398
opt5_slopePCs	ds25	PLS1	C2_recomputed_ds25	0.1604	0.7524	33		0.008398
opt5_slopePCs	ds25	PLS1	C3_recomputed_ds25	0.0244	0.905	33		0.008398
opt5_slopePCs	ds25	PLS2	NSPN_PLS2	-0.7391	0.0009998	33		0.0002
opt5_slopePCs	ds25	PLS2	NSPN_CT_delta	0.7115	0.0009998	33		0.0002
opt5_slopePCs	ds25	PLS2	NSPN_MT_delta	-0.5779	0.0162	33		0.0002
opt5_slopePCs	ds25	PLS2	NSPN_CT	-0.3487	0.3553	33		0.0002
opt5_slopePCs	ds25	PLS2	NSPN_MT	0.391	0.2751	33		0.0002
opt5_slopePCs	ds25	PLS2	C1_shipped	0.06952	0.8914	33		0.0002
opt5_slopePCs	ds25	PLS2	C2_shipped	-0.881	0.0009998	33		0.0002
opt5_slopePCs	ds25	PLS2	C3_shipped	-0.5856	0.002	33		0.0002
opt5_slopePCs	ds25	PLS2	C1_recomputed_ds25	0.05047	0.91	33		0.0002
opt5_slopePCs	ds25	PLS2	C2_recomputed_ds25	-0.8142	0.0016	33		0.0002
opt5_slopePCs	ds25	PLS2	C3_recomputed_ds25	-0.4943	0.0106	33		0.0002
opt5_slopePCs	ds25	PLS3	NSPN_PLS2	-0.2557	0.3411	33		0.2273
opt5_slopePCs	ds25	PLS3	NSPN_CT_delta	0.432	0.04139	33		0.2273
opt5_slopePCs	ds25	PLS3	NSPN_MT_delta	-0.3807	0.115	33		0.2273
opt5_slopePCs	ds25	PLS3	NSPN_CT	-0.1546	0.6455	33		0.2273
opt5_slopePCs	ds25	PLS3	NSPN_MT	0.2272	0.4515	33		0.2273
opt5_slopePCs	ds25	PLS3	C1_shipped	0.1354	0.6859	33		0.2273
opt5_slopePCs	ds25	PLS3	C2_shipped	0.3432	0.3373	33		0.2273
opt5_slopePCs	ds25	PLS3	C3_shipped	-0.5608	0.005999	33		0.2273
opt5_slopePCs	ds25	PLS3	C1_recomputed_ds25	0.1049	0.755	33		0.2273
opt5_slopePCs	ds25	PLS3	C2_recomputed_ds25	0.5074	0.06359	33		0.2273
opt5_slopePCs	ds25	PLS3	C3_recomputed_ds25	-0.767	0.0009998	33		0.2273
opt1_dCT	ds50	PLS1	NSPN_PLS2	-0.4118	0.1236	33	1	0.101
opt1_dCT	ds50	PLS1	NSPN_CT_delta	0.2114	0.3705	33	1	0.101
opt1_dCT	ds50	PLS1	NSPN_MT_delta	-0.1384	0.6001	33	1	0.101
opt1_dCT	ds50	PLS1	NSPN_CT	0.5726	0.022	33	1	0.101
opt1_dCT	ds50	PLS1	NSPN_MT	-0.5227	0.03819	33	1	0.101
opt1_dCT	ds50	PLS1	C1_shipped	-0.9064	0.0009998	33	1	0.101
opt1_dCT	ds50	PLS1	C2_shipped	0.0615	0.883	33	1	0.101
opt1_dCT	ds50	PLS1	C3_shipped	-0.09325	0.6795	33	1	0.101
opt1_dCT	ds50	PLS1	C1_recomputed_ds50	-0.9328	0.0009998	33	1	0.101
opt1_dCT	ds50	PLS1	C2_recomputed_ds50	0.2035	0.6227	33	1	0.101
opt1_dCT	ds50	PLS1	C3_recomputed_ds50	-0.2179	0.3187	33	1	0.101
opt2_dCT_CT	ds50	PLS1	NSPN_PLS2	-0.2348	0.4741	33	0.3272	0.0009998
opt2_dCT_CT	ds50	PLS1	NSPN_CT_delta	0.05916	0.8286	33	0.3272	0.0009998
opt2_dCT_CT	ds50	PLS1	NSPN_MT_delta	0.003008	0.9936	33	0.3272	0.0009998
opt2_dCT_CT	ds50	PLS1	NSPN_CT	0.6517	0.0112	33	0.3272	0.0009998
opt2_dCT_CT	ds50	PLS1	NSPN_MT	-0.6761	0.005999	33	0.3272	0.0009998
opt2_dCT_CT	ds50	PLS1	C1_shipped	-0.982	0.0009998	33	0.3272	0.0009998
opt2_dCT_CT	ds50	PLS1	C2_shipped	0.09492	0.8446	33	0.3272	0.0009998
opt2_dCT_CT	ds50	PLS1	C3_shipped	0.06484	0.7928	33	0.3272	0.0009998
opt2_dCT_CT	ds50	PLS1	C1_recomputed_ds50	-0.9947	0.0009998	33	0.3272	0.0009998
opt2_dCT_CT	ds50	PLS1	C2_recomputed_ds50	0.2172	0.6533	33	0.3272	0.0009998
opt2_dCT_CT	ds50	PLS1	C3_recomputed_ds50	-0.01471	0.9436	33	0.3272	0.0009998
opt2_dCT_CT	ds50	PLS2	NSPN_PLS2	-0.7785	0.0009998	33	0.9449	0.006399
opt2_dCT_CT	ds50	PLS2	NSPN_CT_delta	0.8228	0.0009998	33	0.9449	0.006399
opt2_dCT_CT	ds50	PLS2	NSPN_MT_delta	-0.6705	0.002	33	0.9449	0.006399
opt2_dCT_CT	ds50	PLS2	NSPN_CT	-0.3663	0.1544	33	0.9449	0.006399
opt2_dCT_CT	ds50	PLS2	NSPN_MT	0.5123	0.0232	33	0.9449	0.006399
opt2_dCT_CT	ds50	PLS2	C1_shipped	0.1992	0.5461	33	0.9449	0.006399
opt2_dCT_CT	ds50	PLS2	C2_shipped	-0.6016	0.009198	33	0.9449	0.006399
opt2_dCT_CT	ds50	PLS2	C3_shipped	-0.8523	0.0009998	33	0.9449	0.006399
opt2_dCT_CT	ds50	PLS2	C1_recomputed_ds50	0.1574	0.6363	33	0.9449	0.006399
opt2_dCT_CT	ds50	PLS2	C2_recomputed_ds50	-0.4759	0.07998	33	0.9449	0.006399
opt2_dCT_CT	ds50	PLS2	C3_recomputed_ds50	-0.8777	0.0009998	33	0.9449	0.006399
opt3_dCT_dT1T2	ds50	PLS1	NSPN_PLS2	-0.2468	0.4439	33	0.4083	0.005399
opt3_dCT_dT1T2	ds50	PLS1	NSPN_CT_delta	0.06652	0.8038	33	0.4083	0.005399
opt3_dCT_dT1T2	ds50	PLS1	NSPN_MT_delta	0.01237	0.9652	33	0.4083	0.005399
opt3_dCT_dT1T2	ds50	PLS1	NSPN_CT	0.6502	0.0112	33	0.4083	0.005399
opt3_dCT_dT1T2	ds50	PLS1	NSPN_MT	-0.6924	0.005399	33	0.4083	0.005399
opt3_dCT_dT1T2	ds50	PLS1	C1_shipped	-0.9863	0.0009998	33	0.4083	0.005399
opt3_dCT_dT1T2	ds50	PLS1	C2_shipped	0.05648	0.9046	33	0.4083	0.005399
opt3_dCT_dT1T2	ds50	PLS1	C3_shipped	0.1013	0.6791	33	0.4083	0.005399
opt3_dCT_dT1T2	ds50	PLS1	C1_recomputed_ds50	-0.9977	0.0009998	33	0.4083	0.005399
opt3_dCT_dT1T2	ds50	PLS1	C2_recomputed_ds50	0.1641	0.7417	33	0.4083	0.005399
opt3_dCT_dT1T2	ds50	PLS1	C3_recomputed_ds50	0.01939	0.9248	33	0.4083	0.005399
opt3_dCT_dT1T2	ds50	PLS2	NSPN_PLS2	-0.6054	0.007798	33	0.9129	0.02759
opt3_dCT_dT1T2	ds50	PLS2	NSPN_CT_delta	0.7429	0.0009998	33	0.9129	0.02759
opt3_dCT_dT1T2	ds50	PLS2	NSPN_MT_delta	-0.615	0.004399	33	0.9129	0.02759
opt3_dCT_dT1T2	ds50	PLS2	NSPN_CT	-0.3569	0.1126	33	0.9129	0.02759
opt3_dCT_dT1T2	ds50	PLS2	NSPN_MT	0.5087	0.0154	33	0.9129	0.02759
opt3_dCT_dT1T2	ds50	PLS2	C1_shipped	0.3189	0.19	33	0.9129	0.02759
opt3_dCT_dT1T2	ds50	PLS2	C2_shipped	-0.2784	0.3261	33	0.9129	0.02759
opt3_dCT_dT1T2	ds50	PLS2	C3_shipped	-0.8346	0.0009998	33	0.9129	0.02759
opt3_dCT_dT1T2	ds50	PLS2	C1_recomputed_ds50	0.2764	0.2507	33	0.9129	0.02759
opt3_dCT_dT1T2	ds50	PLS2	C2_recomputed_ds50	-0.1477	0.6323	33	0.9129	0.02759
opt3_dCT_dT1T2	ds50	PLS2	C3_recomputed_ds50	-0.9174	0.0009998	33	0.9129	0.02759
opt4_full4	ds50	PLS1	NSPN_PLS2	-0.2291	0.4905	33	0.1992	0.0009998
opt4_full4	ds50	PLS1	NSPN_CT_delta	0.05666	0.834	33	0.1992	0.0009998
opt4_full4	ds50	PLS1	NSPN_MT_delta	0.01738	0.958	33	0.1992	0.0009998
opt4_full4	ds50	PLS1	NSPN_CT	0.6431	0.0126	33	0.1992	0.0009998
opt4_full4	ds50	PLS1	NSPN_MT	-0.6907	0.005999	33	0.1992	0.0009998
opt4_full4	ds50	PLS1	C1_shipped	-0.988	0.0009998	33	0.1992	0.0009998
opt4_full4	ds50	PLS1	C2_shipped	0.06684	0.8876	33	0.1992	0.0009998
opt4_full4	ds50	PLS1	C3_shipped	0.1003	0.6831	33	0.1992	0.0009998
opt4_full4	ds50	PLS1	C1_recomputed_ds50	-0.9983	0.0009998	33	0.1992	0.0009998
opt4_full4	ds50	PLS1	C2_recomputed_ds50	0.1808	0.7179	33	0.1992	0.0009998
opt4_full4	ds50	PLS1	C3_recomputed_ds50	0.02172	0.9134	33	0.1992	0.0009998
opt4_full4	ds50	PLS2	NSPN_PLS2	-0.7836	0.0009998	33	0.8588	0.133
opt4_full4	ds50	PLS2	NSPN_CT_delta	0.7883	0.0009998	33	0.8588	0.133
opt4_full4	ds50	PLS2	NSPN_MT_delta	-0.5752	0.005199	33	0.8588	0.133
opt4_full4	ds50	PLS2	NSPN_CT	-0.2434	0.3717	33	0.8588	0.133
opt4_full4	ds50	PLS2	NSPN_MT	0.4091	0.09238	33	0.8588	0.133
opt4_full4	ds50	PLS2	C1_shipped	0.13	0.7215	33	0.8588	0.133
opt4_full4	ds50	PLS2	C2_shipped	-0.6621	0.003199	33	0.8588	0.133
opt4_full4	ds50	PLS2	C3_shipped	-0.7978	0.0009998	33	0.8588	0.133
opt4_full4	ds50	PLS2	C1_recomputed_ds50	0.08456	0.8092	33	0.8588	0.133
opt4_full4	ds50	PLS2	C2_recomputed_ds50	-0.5364	0.03219	33	0.8588	0.133
opt4_full4	ds50	PLS2	C3_recomputed_ds50	-0.8112	0.0009998	33	0.8588	0.133
opt4_full4	ds50	PLS3	NSPN_PLS2	0.1558	0.6795	33	0.2615	0.026
opt4_full4	ds50	PLS3	NSPN_CT_delta	-0.01805	0.9486	33	0.2615	0.026
opt4_full4	ds50	PLS3	NSPN_MT_delta	0.03209	0.9262	33	0.2615	0.026
opt4_full4	ds50	PLS3	NSPN_CT	0.1663	0.6909	33	0.2615	0.026
opt4_full4	ds50	PLS3	NSPN_MT	-0.1049	0.7902	33	0.2615	0.026
opt4_full4	ds50	PLS3	C1_shipped	-0.0244	0.9624	33	0.2615	0.026
opt4_full4	ds50	PLS3	C2_shipped	0.7831	0.003799	33	0.2615	0.026
opt4_full4	ds50	PLS3	C3_shipped	-0.03142	0.9004	33	0.2615	0.026
opt4_full4	ds50	PLS3	C1_recomputed_ds50	-0.04144	0.9348	33	0.2615	0.026
opt4_full4	ds50	PLS3	C2_recomputed_ds50	0.8389	0.0009998	33	0.2615	0.026
opt4_full4	ds50	PLS3	C3_recomputed_ds50	-0.263	0.2581	33	0.2615	0.026
opt4_full4	ds50	PLS4	NSPN_PLS2	-0.6638	0.002	33	0.393	0.003799
opt4_full4	ds50	PLS4	NSPN_CT_delta	0.5472	0.004599	33	0.393	0.003799
opt4_full4	ds50	PLS4	NSPN_MT_delta	-0.6481	0.009398	33	0.393	0.003799
opt4_full4	ds50	PLS4	NSPN_CT	-0.3681	0.2929	33	0.393	0.003799
opt4_full4	ds50	PLS4	NSPN_MT	0.5016	0.103	33	0.393	0.003799
opt4_full4	ds50	PLS4	C1_shipped	-0.0752	0.858	33	0.393	0.003799
opt4_full4	ds50	PLS4	C2_shipped	-0.4084	0.3587	33	0.393	0.003799
opt4_full4	ds50	PLS4	C3_shipped	-0.7126	0.0012	33	0.393	0.003799
opt4_full4	ds50	PLS4	C1_recomputed_ds50	-0.08322	0.8394	33	0.393	0.003799
opt4_full4	ds50	PLS4	C2_recomputed_ds50	-0.3259	0.4685	33	0.393	0.003799
opt4_full4	ds50	PLS4	C3_recomputed_ds50	-0.6845	0.0012	33	0.393	0.003799
opt5_slopePCs	ds50	PLS1	NSPN_PLS2	-0.2358	0.4775	33		0.006599
opt5_slopePCs	ds50	PLS1	NSPN_CT_delta	0.06067	0.825	33		0.006599
opt5_slopePCs	ds50	PLS1	NSPN_MT_delta	0.00869	0.9776	33		0.006599
opt5_slopePCs	ds50	PLS1	NSPN_CT	0.6406	0.015	33		0.006599
opt5_slopePCs	ds50	PLS1	NSPN_MT	-0.676	0.006799	33		0.006599
opt5_slopePCs	ds50	PLS1	C1_shipped	-0.986	0.0009998	33		0.006599
opt5_slopePCs	ds50	PLS1	C2_shipped	0.08289	0.8654	33		0.006599
opt5_slopePCs	ds50	PLS1	C3_shipped	0.07955	0.7508	33		0.006599
opt5_slopePCs	ds50	PLS1	C1_recomputed_ds50	-0.9977	0.0009998	33		0.006599
opt5_slopePCs	ds50	PLS1	C2_recomputed_ds50	0.2019	0.6815	33		0.006599
opt5_slopePCs	ds50	PLS1	C3_recomputed_ds50	-0.0003342	0.999	33		0.006599
opt5_slopePCs	ds50	PLS2	NSPN_PLS2	-0.7546	0.0009998	33		0.0009998
opt5_slopePCs	ds50	PLS2	NSPN_CT_delta	0.725	0.0009998	33		0.0009998
opt5_slopePCs	ds50	PLS2	NSPN_MT_delta	-0.5822	0.014	33		0.0009998
opt5_slopePCs	ds50	PLS2	NSPN_CT	-0.3354	0.3791	33		0.0009998
opt5_slopePCs	ds50	PLS2	NSPN_MT	0.3875	0.2805	33		0.0009998
opt5_slopePCs	ds50	PLS2	C1_shipped	0.06952	0.8892	33		0.0009998
opt5_slopePCs	ds50	PLS2	C2_shipped	-0.893	0.0009998	33		0.0009998
opt5_slopePCs	ds50	PLS2	C3_shipped	-0.5986	0.0016	33		0.0009998
opt5_slopePCs	ds50	PLS2	C1_recomputed_ds50	0.0518	0.9084	33		0.0009998
opt5_slopePCs	ds50	PLS2	C2_recomputed_ds50	-0.8259	0.0014	33		0.0009998
opt5_slopePCs	ds50	PLS2	C3_recomputed_ds50	-0.5575	0.0024	33		0.0009998
opt5_slopePCs	ds50	PLS3	NSPN_PLS2	-0.2463	0.3881	33		0.2092
opt5_slopePCs	ds50	PLS3	NSPN_CT_delta	0.427	0.04539	33		0.2092
opt5_slopePCs	ds50	PLS3	NSPN_MT_delta	-0.4007	0.111	33		0.2092
opt5_slopePCs	ds50	PLS3	NSPN_CT	-0.1707	0.6345	33		0.2092
opt5_slopePCs	ds50	PLS3	NSPN_MT	0.2702	0.3993	33		0.2092
opt5_slopePCs	ds50	PLS3	C1_shipped	0.1297	0.7291	33		0.2092
opt5_slopePCs	ds50	PLS3	C2_shipped	0.3596	0.3553	33		0.2092
opt5_slopePCs	ds50	PLS3	C3_shipped	-0.5799	0.004199	33		0.2092
opt5_slopePCs	ds50	PLS3	C1_recomputed_ds50	0.09926	0.7834	33		0.2092
opt5_slopePCs	ds50	PLS3	C2_recomputed_ds50	0.489	0.1296	33		0.2092
opt5_slopePCs	ds50	PLS3	C3_recomputed_ds50	-0.7517	0.0009998	33		0.2092
