sample	outcome	score	adjust	beta	se	p	n	y_sd_beta
all	totprob	grad_slope	base	-0.016257	0.009634	0.091518	8187	-0.015159
all	totprob	grad_slope	+global	-0.022971	0.010086	0.022756	8187	-0.021419
all	totprob	grad_slope	+global+CT	-0.030039	0.010409	0.0039026	8187	-0.02801
all	totprob	grad_slope	+global+CT+QC	-0.030215	0.010469	0.0039002	8187	-0.028174
all	totprob	grad_fit	base	-0.024866	0.011445	0.029802	8187	-0.023186
all	totprob	grad_fit	+global	-0.030677	0.011773	0.0091678	8187	-0.028605
all	totprob	grad_fit	+global+CT	-0.030024	0.011764	0.010704	8187	-0.027997
all	totprob	grad_fit	+global+CT+QC	-0.031964	0.012032	0.0078925	8187	-0.029805
all	totprob	pls2_beyond_grad	base	0.0055022	0.0091852	0.54916	8187	0.0051306
all	totprob	pls2_beyond_grad	+global	0.0065152	0.0091984	0.47876	8187	0.0060752
all	totprob	pls2_beyond_grad	+global+CT	0.015023	0.0097408	0.123	8187	0.014009
all	totprob	pls2_beyond_grad	+global+CT+QC	0.014994	0.0097374	0.1236	8187	0.013981
all	totprob	ct_grad_slope	base	-0.015204	0.0099078	0.12488	8187	-0.014178
all	totprob	ct_grad_slope	+global	-0.019703	0.010137	0.051945	8187	-0.018372
all	totprob	glob_thin	base	0.016648	0.010144	0.10076	8187	0.015523
all	internal	grad_slope	base	-0.0011644	0.0084553	0.89046	8189	-0.0013016
all	internal	grad_slope	+global	-0.0072841	0.0087794	0.40672	8189	-0.0081419
all	internal	grad_slope	+global+CT	-0.013151	0.0090556	0.14642	8189	-0.0147
all	internal	grad_slope	+global+CT+QC	-0.012349	0.0091058	0.17505	8189	-0.013803
all	internal	grad_fit	base	-0.011207	0.010339	0.27837	8189	-0.012527
all	internal	grad_fit	+global	-0.01707	0.010637	0.10855	8189	-0.01908
all	internal	grad_fit	+global+CT	-0.016474	0.010626	0.12107	8189	-0.018414
all	internal	grad_fit	+global+CT+QC	-0.019345	0.010886	0.075552	8189	-0.021623
all	internal	pls2_beyond_grad	base	-0.007334	0.0080984	0.36514	8189	-0.0081977
all	internal	pls2_beyond_grad	+global	-0.0062058	0.0081031	0.44376	8189	-0.0069366
all	internal	pls2_beyond_grad	+global+CT	0.00057105	0.0085306	0.94663	8189	0.0006383
all	internal	pls2_beyond_grad	+global+CT+QC	0.00045432	0.0085296	0.95752	8189	0.00050782
all	internal	ct_grad_slope	base	-0.013647	0.0087316	0.11807	8189	-0.015254
all	internal	ct_grad_slope	+global	-0.01873	0.0089909	0.037226	8189	-0.020936
all	internal	glob_thin	base	0.01956	0.0090712	0.031067	8189	0.021863
all	external	grad_slope	base	-0.0051156	0.0080031	0.52269	8185	-0.0058674
all	external	grad_slope	+global	-0.0099655	0.0084453	0.238	8185	-0.01143
all	external	grad_slope	+global+CT	-0.010036	0.0086893	0.2481	8185	-0.011511
all	external	grad_slope	+global+CT+QC	-0.0097281	0.0087364	0.26549	8185	-0.011158
all	external	grad_fit	base	-0.029922	0.0095829	0.0017935	8185	-0.034319
all	external	grad_fit	+global	-0.035326	0.0098936	0.00035622	8185	-0.040517
all	external	grad_fit	+global+CT	-0.035921	0.009911	0.00028974	8185	-0.0412
all	external	grad_fit	+global+CT+QC	-0.038513	0.010096	0.00013631	8185	-0.044173
all	external	pls2_beyond_grad	base	0.0037253	0.0077474	0.63062	8185	0.0042728
all	external	pls2_beyond_grad	+global	0.0045824	0.0077526	0.55447	8185	0.0052558
all	external	pls2_beyond_grad	+global+CT	0.0058811	0.0081327	0.46959	8185	0.0067454
all	external	pls2_beyond_grad	+global+CT+QC	0.0058297	0.0081311	0.4734	8185	0.0066864
all	external	ct_grad_slope	base	-0.0037731	0.0083955	0.65313	8185	-0.0043276
all	external	ct_grad_slope	+global	-0.0071333	0.0086257	0.40825	8185	-0.0081816
all	external	glob_thin	base	0.014136	0.0085504	0.09828	8185	0.016213
all	depress	grad_slope	base	0.0049209	0.0070739	0.48665	8181	0.0069673
all	depress	grad_slope	+global	-0.0010877	0.0073662	0.88261	8181	-0.00154
all	depress	grad_slope	+global+CT	-0.0024224	0.0075513	0.74837	8181	-0.0034297
all	depress	grad_slope	+global+CT+QC	-0.0022506	0.0076054	0.76729	8181	-0.0031865
all	depress	grad_fit	base	-0.015824	0.0088604	0.074118	8181	-0.022404
all	depress	grad_fit	+global	-0.022415	0.0090075	0.01283	8181	-0.031736
all	depress	grad_fit	+global+CT	-0.022757	0.0090122	0.011564	8181	-0.032221
all	depress	grad_fit	+global+CT+QC	-0.024231	0.0092886	0.0090881	8181	-0.034308
all	depress	pls2_beyond_grad	base	-0.00076416	0.0067425	0.90976	8181	-0.0010819
all	depress	pls2_beyond_grad	+global	0.00048209	0.0067393	0.94297	8181	0.00068256
all	depress	pls2_beyond_grad	+global+CT	0.0036968	0.0071272	0.60398	8181	0.0052341
all	depress	pls2_beyond_grad	+global+CT+QC	0.0036731	0.0071264	0.60626	8181	0.0052006
all	depress	ct_grad_slope	base	-0.0078218	0.0073208	0.28532	8181	-0.011074
all	depress	ct_grad_slope	+global	-0.012934	0.0075551	0.086913	8181	-0.018312
all	depress	glob_thin	base	0.021121	0.0077164	0.0061965	8181	0.029904
all	anxdisord	grad_slope	base	-0.00093088	0.006198	0.88062	8185	-0.0014338
all	anxdisord	grad_slope	+global	-0.0059669	0.0064145	0.35226	8185	-0.0091904
all	anxdisord	grad_slope	+global+CT	-0.010894	0.0066356	0.10064	8185	-0.016779
all	anxdisord	grad_slope	+global+CT+QC	-0.010504	0.0066898	0.11639	8185	-0.016178
all	anxdisord	grad_fit	base	-0.0040594	0.0080416	0.6137	8185	-0.0062523
all	anxdisord	grad_fit	+global	-0.0086075	0.0082543	0.29704	8185	-0.013258
all	anxdisord	grad_fit	+global+CT	-0.0077472	0.0082443	0.34737	8185	-0.011932
all	anxdisord	grad_fit	+global+CT+QC	-0.0092637	0.0084691	0.27403	8185	-0.014268
all	anxdisord	pls2_beyond_grad	base	-0.0053793	0.006116	0.3791	8185	-0.0082854
all	anxdisord	pls2_beyond_grad	+global	-0.0044479	0.0061226	0.46755	8185	-0.0068508
all	anxdisord	pls2_beyond_grad	+global+CT	0.00025144	0.0064305	0.96881	8185	0.00038728
all	anxdisord	pls2_beyond_grad	+global+CT+QC	0.00018532	0.0064293	0.97701	8185	0.00028543
all	anxdisord	ct_grad_slope	base	-0.0054	0.0064921	0.40554	8185	-0.0083172
all	anxdisord	ct_grad_slope	+global	-0.009302	0.0066848	0.16407	8185	-0.014327
all	anxdisord	glob_thin	base	0.01613	0.0067995	0.01768	8185	0.024844
all	anxdep	grad_slope	base	-0.0015154	0.0068424	0.82472	8184	-0.0020935
all	anxdep	grad_slope	+global	-0.0062785	0.0071151	0.37755	8184	-0.0086738
all	anxdep	grad_slope	+global+CT	-0.012877	0.0073333	0.079106	8184	-0.017789
all	anxdep	grad_slope	+global+CT+QC	-0.013379	0.0073905	0.070254	8184	-0.018483
all	anxdep	grad_fit	base	-0.0017955	0.0086519	0.8356	8184	-0.0024805
all	anxdep	grad_fit	+global	-0.0059522	0.0088887	0.50309	8184	-0.008223
all	anxdep	grad_fit	+global+CT	-0.0048438	0.0088764	0.58527	8184	-0.0066918
all	anxdep	grad_fit	+global+CT+QC	-0.0044011	0.0090958	0.62849	8184	-0.0060801
all	anxdep	pls2_beyond_grad	base	-0.005412	0.0066681	0.41701	8184	-0.0074766
all	anxdep	pls2_beyond_grad	+global	-0.0045479	0.0066824	0.49614	8184	-0.0062829
all	anxdep	pls2_beyond_grad	+global+CT	0.0021487	0.007032	0.75993	8184	0.0029685
all	anxdep	pls2_beyond_grad	+global+CT+QC	0.0021855	0.007031	0.75593	8184	0.0030192
all	anxdep	ct_grad_slope	base	-0.0097741	0.0071595	0.1722	8184	-0.013503
all	anxdep	ct_grad_slope	+global	-0.013643	0.0073586	0.06374	8184	-0.018847
all	anxdep	glob_thin	base	0.015024	0.0074323	0.043234	8184	0.020756
all	withdep	grad_slope	base	0.015523	0.0066985	0.020484	8189	0.023512
all	withdep	grad_slope	+global	0.01043	0.0069675	0.13441	8189	0.015797
all	withdep	grad_slope	+global+CT	0.010677	0.0071615	0.13601	8189	0.016171
all	withdep	grad_slope	+global+CT+QC	0.012492	0.0071932	0.082453	8189	0.018921
all	withdep	grad_fit	base	-0.0079649	0.0083414	0.33965	8189	-0.012064
all	withdep	grad_fit	+global	-0.014193	0.0085351	0.096321	8189	-0.021498
all	withdep	grad_fit	+global+CT	-0.014337	0.0085409	0.093217	8189	-0.021716
all	withdep	grad_fit	+global+CT+QC	-0.018502	0.0087673	0.034835	8189	-0.028023
all	withdep	pls2_beyond_grad	base	-0.0049487	0.0065488	0.44985	8189	-0.0074955
all	withdep	pls2_beyond_grad	+global	-0.0036999	0.0065446	0.57184	8189	-0.0056041
all	withdep	pls2_beyond_grad	+global+CT	-0.0031729	0.0068956	0.64542	8189	-0.0048058
all	withdep	pls2_beyond_grad	+global+CT+QC	-0.0033698	0.0068919	0.62487	8189	-0.0051041
all	withdep	ct_grad_slope	base	0.00088657	0.006914	0.89797	8189	0.0013428
all	withdep	ct_grad_slope	+global	-0.0039006	0.0071124	0.58341	8189	-0.0059079
all	withdep	glob_thin	base	0.021468	0.0072057	0.0028887	8189	0.032516
all	rulebreak	grad_slope	base	0.0071608	0.0062543	0.25223	8182	0.011443
all	rulebreak	grad_slope	+global	0.0020342	0.0065918	0.75763	8182	0.0032507
all	rulebreak	grad_slope	+global+CT	0.0049084	0.0067554	0.46748	8182	0.0078437
all	rulebreak	grad_slope	+global+CT+QC	0.0050151	0.0068008	0.46086	8182	0.0080142
all	rulebreak	grad_fit	base	-0.025739	0.0072462	0.00038232	8182	-0.041131
all	rulebreak	grad_fit	+global	-0.032251	0.007492	1.6718e-05	8182	-0.051538
all	rulebreak	grad_fit	+global+CT	-0.0334	0.0075293	9.1633e-06	8182	-0.053374
all	rulebreak	grad_fit	+global+CT+QC	-0.034987	0.0077108	5.6953e-06	8182	-0.055909
all	rulebreak	pls2_beyond_grad	base	0.0013004	0.0061304	0.832	8182	0.0020781
all	rulebreak	pls2_beyond_grad	+global	0.0024306	0.006135	0.69198	8182	0.0038841
all	rulebreak	pls2_beyond_grad	+global+CT	0.0012067	0.0063832	0.85006	8182	0.0019283
all	rulebreak	pls2_beyond_grad	+global+CT+QC	0.0012031	0.0063819	0.85047	8182	0.0019226
all	rulebreak	ct_grad_slope	base	0.00018188	0.0065295	0.97778	8182	0.00029064
all	rulebreak	ct_grad_slope	+global	-0.0040592	0.0066999	0.54461	8182	-0.0064867
all	rulebreak	glob_thin	base	0.018928	0.0067661	0.0051491	8182	0.030248
all	pfactor	grad_slope	base	-0.015483	0.019981	0.43841	8162	-0.0069879
all	pfactor	grad_slope	+global	-0.03268	0.020859	0.11718	8162	-0.01475
all	pfactor	grad_slope	+global+CT	-0.045876	0.021435	0.032335	8162	-0.020706
all	pfactor	grad_slope	+global+CT+QC	-0.044788	0.021606	0.038179	8162	-0.020214
all	pfactor	grad_fit	base	-0.045586	0.024395	0.061668	8162	-0.020575
all	pfactor	grad_fit	+global	-0.061762	0.024907	0.013151	8162	-0.027876
all	pfactor	grad_fit	+global+CT	-0.060418	0.024887	0.015195	8162	-0.027269
all	pfactor	grad_fit	+global+CT+QC	-0.06686	0.02543	0.0085591	8162	-0.030176
all	pfactor	pls2_beyond_grad	base	0.0039472	0.019023	0.83562	8162	0.0017815
all	pfactor	pls2_beyond_grad	+global	0.0069671	0.01902	0.71413	8162	0.0031445
all	pfactor	pls2_beyond_grad	+global+CT	0.022927	0.020033	0.25245	8162	0.010348
all	pfactor	pls2_beyond_grad	+global+CT+QC	0.022728	0.020026	0.25641	8162	0.010258
all	pfactor	ct_grad_slope	base	-0.025005	0.020574	0.22422	8162	-0.011286
all	pfactor	ct_grad_slope	+global	-0.037607	0.021175	0.07573	8162	-0.016974
all	pfactor	glob_thin	base	0.050768	0.021799	0.019865	8162	0.022914
>=3 scans	totprob	grad_slope	base	-0.02142	0.010283	0.037247	6387	-0.020127
>=3 scans	totprob	grad_slope	+global	-0.029763	0.01077	0.0057194	6387	-0.027965
>=3 scans	totprob	grad_slope	+global+CT	-0.03735	0.011101	0.00076697	6387	-0.035094
>=3 scans	totprob	grad_slope	+global+CT+QC	-0.037099	0.011173	0.00089835	6387	-0.034859
>=3 scans	totprob	grad_fit	base	-0.02437	0.012421	0.049765	6387	-0.022898
>=3 scans	totprob	grad_fit	+global	-0.030771	0.012747	0.015784	6387	-0.028912
>=3 scans	totprob	grad_fit	+global+CT	-0.030175	0.012735	0.017811	6387	-0.028352
>=3 scans	totprob	grad_fit	+global+CT+QC	-0.033109	0.01303	0.011056	6387	-0.031109
>=3 scans	totprob	pls2_beyond_grad	base	0.0099725	0.0098178	0.30975	6387	0.0093701
>=3 scans	totprob	pls2_beyond_grad	+global	0.011004	0.0098277	0.26283	6387	0.01034
>=3 scans	totprob	pls2_beyond_grad	+global+CT	0.020442	0.010403	0.049416	6387	0.019207
>=3 scans	totprob	pls2_beyond_grad	+global+CT+QC	0.020356	0.010402	0.050344	6387	0.019127
>=3 scans	totprob	ct_grad_slope	base	-0.01566	0.011125	0.15923	6387	-0.014714
>=3 scans	totprob	ct_grad_slope	+global	-0.020558	0.011324	0.069448	6387	-0.019316
>=3 scans	totprob	glob_thin	base	0.019349	0.011087	0.080958	6387	0.01818
>=3 scans	internal	grad_slope	base	-0.0038776	0.0091224	0.67079	6387	-0.0043636
>=3 scans	internal	grad_slope	+global	-0.012378	0.0094498	0.19022	6387	-0.01393
>=3 scans	internal	grad_slope	+global+CT	-0.019076	0.0097371	0.050101	6387	-0.021467
>=3 scans	internal	grad_slope	+global+CT+QC	-0.018406	0.0097987	0.060327	6387	-0.020713
>=3 scans	internal	grad_fit	base	-0.010894	0.011296	0.33483	6387	-0.01226
>=3 scans	internal	grad_fit	+global	-0.018256	0.011594	0.11536	6387	-0.020544
>=3 scans	internal	grad_fit	+global+CT	-0.017599	0.01158	0.12857	6387	-0.019805
>=3 scans	internal	grad_fit	+global+CT+QC	-0.020458	0.011839	0.083992	6387	-0.023023
>=3 scans	internal	pls2_beyond_grad	base	-0.0058293	0.008763	0.50591	6387	-0.0065599
>=3 scans	internal	pls2_beyond_grad	+global	-0.0045308	0.0087645	0.60519	6387	-0.0050986
>=3 scans	internal	pls2_beyond_grad	+global+CT	0.0030769	0.0092197	0.73858	6387	0.0034626
>=3 scans	internal	pls2_beyond_grad	+global+CT+QC	0.0029637	0.0092205	0.74789	6387	0.0033352
>=3 scans	internal	ct_grad_slope	base	-0.012986	0.0097828	0.18438	6387	-0.014613
>=3 scans	internal	ct_grad_slope	+global	-0.019151	0.010035	0.056351	6387	-0.021551
>=3 scans	internal	glob_thin	base	0.025672	0.009914	0.0096133	6387	0.028889
>=3 scans	external	grad_slope	base	-0.0085349	0.0085982	0.32089	6387	-0.009881
>=3 scans	external	grad_slope	+global	-0.014294	0.0090823	0.11552	6387	-0.016549
>=3 scans	external	grad_slope	+global+CT	-0.013979	0.009343	0.13459	6387	-0.016184
>=3 scans	external	grad_slope	+global+CT+QC	-0.01356	0.0093896	0.14869	6387	-0.015699
>=3 scans	external	grad_fit	base	-0.026794	0.010495	0.010684	6387	-0.031019
>=3 scans	external	grad_fit	+global	-0.032287	0.010793	0.0027773	6387	-0.037379
>=3 scans	external	grad_fit	+global+CT	-0.033012	0.010813	0.0022663	6387	-0.038219
>=3 scans	external	grad_fit	+global+CT+QC	-0.035803	0.011027	0.0011667	6387	-0.04145
>=3 scans	external	pls2_beyond_grad	base	0.0056915	0.0084183	0.49899	6387	0.0065891
>=3 scans	external	pls2_beyond_grad	+global	0.0065078	0.0084224	0.43972	6387	0.0075342
>=3 scans	external	pls2_beyond_grad	+global+CT	0.0078278	0.0088467	0.37625	6387	0.0090624
>=3 scans	external	pls2_beyond_grad	+global+CT+QC	0.007754	0.0088471	0.38079	6387	0.0089769
>=3 scans	external	ct_grad_slope	base	-0.0051608	0.0093702	0.58179	6387	-0.0059748
>=3 scans	external	ct_grad_slope	+global	-0.0087387	0.0095903	0.36219	6387	-0.010117
>=3 scans	external	glob_thin	base	0.015436	0.0093856	0.10004	6387	0.017871
>=3 scans	depress	grad_slope	base	0.0039025	0.0076733	0.61105	6384	0.0055791
>=3 scans	depress	grad_slope	+global	-0.0014857	0.0079918	0.85252	6384	-0.0021239
>=3 scans	depress	grad_slope	+global+CT	-0.0035835	0.0081881	0.66164	6384	-0.0051231
>=3 scans	depress	grad_slope	+global+CT+QC	-0.0033636	0.00824	0.68312	6384	-0.0048087
>=3 scans	depress	grad_fit	base	-0.013203	0.0097722	0.17667	6384	-0.018875
>=3 scans	depress	grad_fit	+global	-0.018806	0.0098977	0.057424	6384	-0.026886
>=3 scans	depress	grad_fit	+global+CT	-0.019085	0.0098976	0.05382	6384	-0.027285
>=3 scans	depress	grad_fit	+global+CT+QC	-0.02053	0.010163	0.043378	6384	-0.02935
>=3 scans	depress	pls2_beyond_grad	base	-0.00038851	0.0073117	0.95762	6384	-0.00055543
>=3 scans	depress	pls2_beyond_grad	+global	0.00055324	0.0073075	0.93965	6384	0.00079093
>=3 scans	depress	pls2_beyond_grad	+global+CT	0.0051276	0.0077362	0.50746	6384	0.0073305
>=3 scans	depress	pls2_beyond_grad	+global+CT+QC	0.005095	0.0077355	0.51012	6384	0.007284
>=3 scans	depress	ct_grad_slope	base	-0.012569	0.0081405	0.12259	6384	-0.017969
>=3 scans	depress	ct_grad_slope	+global	-0.017108	0.0083587	0.040683	6384	-0.024458
>=3 scans	depress	glob_thin	base	0.018349	0.008475	0.030384	6384	0.026232
>=3 scans	anxdisord	grad_slope	base	-0.0043378	0.0067738	0.52193	6384	-0.006737
>=3 scans	anxdisord	grad_slope	+global	-0.010607	0.0069904	0.12917	6384	-0.016474
>=3 scans	anxdisord	grad_slope	+global+CT	-0.016493	0.0072401	0.022722	6384	-0.025616
>=3 scans	anxdisord	grad_slope	+global+CT+QC	-0.016559	0.0072887	0.023092	6384	-0.025718
>=3 scans	anxdisord	grad_fit	base	-0.0025982	0.0089284	0.77105	6384	-0.0040353
>=3 scans	anxdisord	grad_fit	+global	-0.0076141	0.0091304	0.40432	6384	-0.011826
>=3 scans	anxdisord	grad_fit	+global+CT	-0.0067396	0.0091211	0.45997	6384	-0.010467
>=3 scans	anxdisord	grad_fit	+global+CT+QC	-0.0073436	0.0093597	0.43269	6384	-0.011405
>=3 scans	anxdisord	pls2_beyond_grad	base	-0.0049708	0.0066501	0.45477	6384	-0.0077202
>=3 scans	anxdisord	pls2_beyond_grad	+global	-0.0040386	0.0066572	0.54409	6384	-0.0062723
>=3 scans	anxdisord	pls2_beyond_grad	+global+CT	0.0016602	0.0069993	0.8125	6384	0.0025785
>=3 scans	anxdisord	pls2_beyond_grad	+global+CT+QC	0.001643	0.0069994	0.81441	6384	0.0025518
>=3 scans	anxdisord	ct_grad_slope	base	-0.0066507	0.0073103	0.36295	6384	-0.010329
>=3 scans	anxdisord	ct_grad_slope	+global	-0.010982	0.0075019	0.14322	6384	-0.017056
>=3 scans	anxdisord	glob_thin	base	0.018499	0.0074319	0.012804	6384	0.028731
>=3 scans	anxdep	grad_slope	base	-0.0052971	0.0075049	0.4803	6384	-0.0073656
>=3 scans	anxdep	grad_slope	+global	-0.011564	0.0077744	0.13689	6384	-0.01608
>=3 scans	anxdep	grad_slope	+global+CT	-0.018931	0.0080069	0.018065	6384	-0.026323
>=3 scans	anxdep	grad_slope	+global+CT+QC	-0.019968	0.0080598	0.01323	6384	-0.027766
>=3 scans	anxdep	grad_fit	base	0.00066652	0.0095545	0.94438	6384	0.00092679
>=3 scans	anxdep	grad_fit	+global	-0.0041215	0.0097955	0.67394	6384	-0.0057309
>=3 scans	anxdep	grad_fit	+global+CT	-0.0031138	0.0097899	0.75044	6384	-0.0043297
>=3 scans	anxdep	grad_fit	+global+CT+QC	-0.0013723	0.010022	0.89109	6384	-0.0019081
>=3 scans	anxdep	pls2_beyond_grad	base	-0.0029017	0.007289	0.69056	6384	-0.0040347
>=3 scans	anxdep	pls2_beyond_grad	+global	-0.0019823	0.0073	0.78597	6384	-0.0027564
>=3 scans	anxdep	pls2_beyond_grad	+global+CT	0.0058519	0.0076822	0.4462	6384	0.0081371
>=3 scans	anxdep	pls2_beyond_grad	+global+CT+QC	0.005955	0.0076798	0.4381	6384	0.0082804
>=3 scans	anxdep	ct_grad_slope	base	-0.011255	0.0080654	0.16289	6384	-0.015649
>=3 scans	anxdep	ct_grad_slope	+global	-0.015712	0.0082596	0.057144	6384	-0.021847
>=3 scans	anxdep	glob_thin	base	0.018132	0.0081478	0.026053	6384	0.025213
>=3 scans	withdep	grad_slope	base	0.014938	0.0072987	0.04069	6388	0.022834
>=3 scans	withdep	grad_slope	+global	0.0098083	0.0076077	0.19731	6388	0.014993
>=3 scans	withdep	grad_slope	+global+CT	0.0097765	0.007808	0.21053	6388	0.014944
>=3 scans	withdep	grad_slope	+global+CT+QC	0.011757	0.0078378	0.13359	6388	0.017972
>=3 scans	withdep	grad_fit	base	-0.009871	0.009151	0.28073	6388	-0.015089
>=3 scans	withdep	grad_fit	+global	-0.015982	0.0093103	0.086058	6388	-0.02443
>=3 scans	withdep	grad_fit	+global+CT	-0.016092	0.00932	0.084233	6388	-0.024599
>=3 scans	withdep	grad_fit	+global+CT+QC	-0.021096	0.0095424	0.027054	6388	-0.032247
>=3 scans	withdep	pls2_beyond_grad	base	-0.0034685	0.0071525	0.62773	6388	-0.0053019
>=3 scans	withdep	pls2_beyond_grad	+global	-0.0023982	0.0071474	0.73722	6388	-0.003666
>=3 scans	withdep	pls2_beyond_grad	+global+CT	-0.0013817	0.0075247	0.85431	6388	-0.0021121
>=3 scans	withdep	pls2_beyond_grad	+global+CT+QC	-0.0016217	0.0075228	0.82933	6388	-0.0024789
>=3 scans	withdep	ct_grad_slope	base	-0.00030234	0.0077559	0.9689	6388	-0.00046216
>=3 scans	withdep	ct_grad_slope	+global	-0.0049103	0.007946	0.5366	6388	-0.0075059
>=3 scans	withdep	glob_thin	base	0.02111	0.0078937	0.0074891	6388	0.032269
>=3 scans	rulebreak	grad_slope	base	0.0062433	0.0065982	0.34404	6386	0.010176
>=3 scans	rulebreak	grad_slope	+global	-0.00044084	0.0069451	0.94939	6386	-0.00071853
>=3 scans	rulebreak	grad_slope	+global+CT	0.0024788	0.0071106	0.72739	6386	0.0040402
>=3 scans	rulebreak	grad_slope	+global+CT+QC	0.0026288	0.0071507	0.71315	6386	0.0042847
>=3 scans	rulebreak	grad_fit	base	-0.021281	0.0078088	0.0064255	6386	-0.034686
>=3 scans	rulebreak	grad_fit	+global	-0.028605	0.0080326	0.0003692	6386	-0.046625
>=3 scans	rulebreak	grad_fit	+global+CT	-0.029771	0.008084	0.00023074	6386	-0.048525
>=3 scans	rulebreak	grad_fit	+global+CT+QC	-0.031352	0.008264	0.00014834	6386	-0.051102
>=3 scans	rulebreak	pls2_beyond_grad	base	0.0012376	0.0066395	0.85213	6386	0.0020173
>=3 scans	rulebreak	pls2_beyond_grad	+global	0.0024386	0.0066436	0.71357	6386	0.0039747
>=3 scans	rulebreak	pls2_beyond_grad	+global+CT	0.0016404	0.0069171	0.81254	6386	0.0026737
>=3 scans	rulebreak	pls2_beyond_grad	+global+CT+QC	0.0016253	0.0069164	0.81421	6386	0.0026491
>=3 scans	rulebreak	ct_grad_slope	base	-0.0023061	0.0072087	0.74904	6386	-0.0037588
>=3 scans	rulebreak	ct_grad_slope	+global	-0.0074403	0.0073763	0.31313	6386	-0.012127
>=3 scans	rulebreak	glob_thin	base	0.023201	0.007424	0.0017772	6386	0.037816
>=3 scans	pfactor	grad_slope	base	-0.027164	0.021494	0.2063	6373	-0.012393
>=3 scans	pfactor	grad_slope	+global	-0.04782	0.022419	0.032921	6373	-0.021818
>=3 scans	pfactor	grad_slope	+global+CT	-0.061711	0.023074	0.0074859	6373	-0.028155
>=3 scans	pfactor	grad_slope	+global+CT+QC	-0.060042	0.023266	0.0098594	6373	-0.027394
>=3 scans	pfactor	grad_fit	base	-0.03982	0.026825	0.1377	6373	-0.018168
>=3 scans	pfactor	grad_fit	+global	-0.056872	0.027247	0.036861	6373	-0.025948
>=3 scans	pfactor	grad_fit	+global+CT	-0.055834	0.027217	0.040225	6373	-0.025474
>=3 scans	pfactor	grad_fit	+global+CT+QC	-0.063754	0.027819	0.021919	6373	-0.029088
>=3 scans	pfactor	pls2_beyond_grad	base	0.012377	0.020525	0.5465	6373	0.0056468
>=3 scans	pfactor	pls2_beyond_grad	+global	0.015311	0.020512	0.45539	6373	0.0069856
>=3 scans	pfactor	pls2_beyond_grad	+global+CT	0.032843	0.02163	0.12892	6373	0.014985
>=3 scans	pfactor	pls2_beyond_grad	+global+CT+QC	0.032538	0.021629	0.1325	6373	0.014845
>=3 scans	pfactor	ct_grad_slope	base	-0.027392	0.022721	0.22799	6373	-0.012497
>=3 scans	pfactor	ct_grad_slope	+global	-0.040789	0.023313	0.080189	6373	-0.01861
>=3 scans	pfactor	glob_thin	base	0.056292	0.023846	0.018242	6373	0.025683
