label,Astro,Endo,Micro,Neuro-Ex,Neuro-In,OPC,Oligo,Per,L1,L2,L3,L4,L5,L6,WM,SCZ top 250,SCZ top 500,SCZ top 1000,MDD top 250,MDD top 500,MDD top 1000,PLS2,C3,normative_thinning_um_yr,tier
lh_V1,-1.795,0.4308,-0.9603,-0.03152,-0.03627,-1.419,-0.06416,-0.3591,-1.234,-1.108,-1.475,0.6584,-1.994,-1.872,-0.297,1.208,0.6322,0.3348,-0.4709,-0.03833,0.1905,-0.7511,-1.899,9.195,slow
lh_MST,-1.642,0.6343,-0.9332,0.0111,0.3507,-1.853,-0.2345,0.3851,-1.118,-1.13,-0.8581,1.712,-0.3108,-1.024,-0.6282,0.5972,0.3572,0.1872,-0.4908,-0.1651,0.04251,-0.2046,,16.29,slow
lh_V6,-1.278,3.222,1.266,1.973,2.446,-0.5608,-1.247,0.8239,0.1643,1.593,1.987,2.943,1.725,-0.3078,-0.1694,4.26,4.129,3.899,2.853,3.506,3.727,1.722,,19.38,mid
lh_V2,-1.68,-0.5299,-1.2,-0.2044,-0.05828,-1.434,0.4756,-0.7924,-1.668,-1.233,-1.333,0.7233,-1.49,-1.593,-0.2428,0.5533,0.1783,0.03126,-0.7656,-0.3435,-0.1058,-0.7747,-1.482,19.79,mid
lh_V3,-1.419,0.2815,-1.108,-0.1326,-0.1421,-1.38,-0.252,0.2554,-1.031,-0.9141,-0.9959,0.5257,-1.65,-1.931,-0.5837,0.5692,0.1591,-0.08504,-0.7879,-0.395,-0.177,-0.2363,-1.295,19.68,mid
lh_V4,-1.291,-0.1155,-1.089,0.2212,0.2458,-0.8998,0.9027,-0.2251,-1.123,-0.1848,-0.1355,0.2997,-1.031,-1.241,0.07194,0.796,0.6384,0.5013,-0.3905,-0.09796,0.1517,-0.3066,-0.479,18.01,slow
lh_V8,-1.001,1.05,0.1654,-1.169,-0.9859,-1.207,1.603,0.3314,-0.1964,-0.9996,-0.6326,0.601,-1.059,-1.361,1.565,1.298,0.9266,0.7193,0.0857,0.1114,0.3334,-0.5444,,17.39,slow
lh_4,-0.6136,1.06,0.1793,-1.044,-1.022,-0.9581,0.9958,0.4696,-0.2508,-1.871,-1.674,1.116,-0.2353,-0.4362,0.5902,-0.173,-0.3328,-0.09194,-1.284,-0.9578,-0.8004,-2.418,-2.006,6.572,slow
lh_3b,-1.001,0.7463,0.5175,-1.105,-1.069,-1.235,1.211,-0.03921,-0.3061,-2.079,-2.293,0.732,-1.5,-1.241,1.089,0.2702,-0.1126,-0.1317,-1.091,-0.7621,-0.6432,-2.18,-2.376,14.75,slow
lh_FEF,0.2713,0.8071,-0.5411,-0.2816,-0.4403,-0.4792,0.2138,0.4762,0.2256,-0.6708,-0.3095,0.7455,0.241,0.2848,-0.2062,-0.4372,-0.5529,-0.3028,-0.7493,-0.7697,-0.6425,-1.18,-0.6031,3.573,slow
lh_PEF,1.331,1.513,0.6388,-1.767,-1.499,0.2055,2.522,1.035,1.525,-1.533,-0.6189,0.1465,-1.162,-1.227,2.709,-0.8288,-0.8745,-0.09377,-0.8734,-0.8537,-0.824,-2.904,,6.202,slow
lh_55b,-1.319,0.09021,0.05978,-0.9607,-1.427,-1.22,-0.3081,-0.5699,-0.8689,-1.553,-0.6882,0.808,0.3129,0.0643,-0.9739,-1.635,-1.548,-1.474,-1.877,-1.887,-1.91,-1.617,-0.7483,5.176,slow
lh_V3A,-1.22,0.5075,-1.13,1.155,1.145,-1.223,-1.587,0.9207,-1.019,-0.3998,-0.3077,1.538,-0.027,-1.161,-1.848,0.7764,0.5014,0.5,-0.004503,0.2994,0.4249,0.1776,-0.4602,19.68,mid
lh_RSC,0.1008,0.06464,-0.5811,-0.5575,-0.3288,-0.1731,-0.08427,1.337,0.09524,-1.077,-0.6784,0.04507,-0.3673,-0.5945,-0.1887,-0.8924,-0.874,-0.8099,-1.208,-0.8991,-0.8099,-0.3706,-0.6089,14.83,slow
lh_POS2,-0.9476,-0.265,-1.24,1.421,1.374,-1.342,-1.246,-0.453,-1.155,0.8915,1.655,1.417,0.6318,-0.63,-1.795,0.7205,0.7771,0.7651,0.1689,0.6581,0.749,1.15,1.1,22.6,fast
lh_V7,-1.659,0.5721,-0.8978,1.08,1.405,-0.7932,-0.04675,0.6138,-1.323,-0.2815,-0.02905,1.699,-0.0491,-0.6053,-0.735,1.275,1.108,1.176,0.5739,0.9345,1.001,0.375,,22.39,mid
lh_IPS1,-0.07621,0.3506,-0.9959,-1.087,-1.061,-0.59,1.744,1.639,-0.1575,-1.175,-0.785,0.008731,-1.733,-1.893,1.13,-0.02082,-0.3316,-0.142,-1.533,-1.035,-0.5381,-0.9717,-1.248,24.6,fast
lh_FFC,-0.5743,-0.5174,-0.7656,-0.03021,-0.2201,-0.4051,0.4784,-0.4012,-0.6484,0.3214,-0.0218,-0.3987,-0.413,-0.1331,-0.0004488,-0.1049,-0.1001,-0.1979,-0.1727,-0.3107,-0.2358,0.06715,0.977,18.35,mid
lh_V3B,-1.005,0.3885,-1.371,-3.268,-3.3,-0.6932,3.504,1.063,-0.7258,-2.927,-2.441,-1.613,-3.887,-2.892,2.594,-1.449,-1.812,-1.782,-2.844,-2.512,-2.238,-2.162,,17.95,slow
lh_LO1,-0.8886,0.1637,-1.433,-0.3096,-0.2708,-0.3776,1.898,0.6096,-0.9928,-1.508,-2.067,-0.01763,-0.819,-0.7667,0.968,0.2691,-0.01418,0.287,-1.013,-0.5489,-0.1147,-0.6022,,17.03,slow
lh_LO2,-1.104,-1.131,-0.1997,-0.3192,-0.6212,-1.553,0.2329,-1.221,-1.156,-1.147,-1.201,0.6796,-0.7042,-0.8656,0.4498,1.004,0.8814,0.7152,-0.1065,0.1654,0.3447,-0.5642,,19.83,mid
lh_PIT,-0.4984,-1.984,-0.9168,1.105,0.9528,-0.4545,0.4255,-1.665,-1.534,-0.509,-0.7858,0.5741,1.039,1.162,-0.5535,-0.4037,0.01488,0.1718,-0.5407,-0.3039,-0.07685,-0.01753,,18.15,slow
lh_MT,0.6362,1.608,-2.833,-3.278,-2.955,-0.2213,1.444,2.045,0.6108,-2.561,-3.144,-2.037,-4.251,-3.288,0.9121,-1.612,-2.085,-1.911,-2.447,-2.34,-2.279,-1.917,,16.88,slow
lh_A1,-1.481,2.088,0.9769,0.5441,1.064,-0.4542,1.93,1.463,-0.5627,-1.185,-1.899,1.113,-0.376,0.02163,1.603,2.209,1.781,1.67,0.4377,0.9671,1.296,-1.416,-2.006,20.64,mid
lh_PSL,-0.6851,-1.401,-0.5029,0.6339,0.161,-0.6916,-0.5742,-1.062,-1.162,0.4597,0.5318,0.2875,0.5835,0.3078,-1.011,-0.4155,-0.2776,-0.3308,-0.5659,-0.3151,-0.2628,0.7111,1.438,18.71,mid
lh_SFL,0.3877,-0.03211,0.3694,-0.479,-0.8011,-0.3244,-0.3881,0.4828,0.2183,-1.209,-0.3675,0.845,0.6621,-0.0669,-0.5558,-1.119,-1.171,-0.9097,-1.279,-1.276,-1.245,-1.375,-0.7967,19.67,mid
lh_PCV,0.4651,0.2792,-0.4907,-0.04772,-0.2105,-0.2077,0.3576,0.4914,0.2154,-0.1155,-0.08608,0.2024,-0.294,-0.4655,0.3485,0.2384,0.2686,0.3558,0.06663,0.0963,0.2507,0.5114,0.318,23.9,fast
lh_STV,-0.2447,-0.1849,0.236,0.4367,-0.04781,-0.4119,-0.7127,-0.4972,-0.3315,0.0791,-0.0913,0.4347,1.074,0.6432,-0.4787,0.2412,0.4449,0.2884,0.2021,0.2518,0.1932,0.5174,1.218,20.36,mid
lh_7Pm,-1.538,-1.299,-1.069,1.015,0.4372,-1.751,-0.5678,-1.371,-1.987,-0.1941,0.4837,1.462,0.998,0.1568,-1.428,0.3537,0.2626,0.0798,-0.2554,-0.008874,0.004631,1.087,0.9955,28.98,fast
lh_7m,-0.6836,0.2277,-1.699,-0.7285,-0.794,-1.208,0.3582,0.4358,-0.4971,-0.8161,-0.1337,0.1307,-1.299,-1.536,-0.2463,-0.3927,-0.7523,-0.8275,-1.009,-1.019,-0.9114,0.08563,-0.26,27,fast
lh_POS1,-0.8373,-0.9253,-1.528,1,0.9735,-0.4399,-0.51,-1.108,-1.363,0.2028,0.1681,0.4354,0.8941,0.4511,-1.182,-0.305,-0.089,-0.1522,-0.3425,0.01759,0.007343,0.9367,0.9464,24.66,fast
lh_23d,0.8222,0.0173,-1.112,0.07168,0.206,0.03469,-1.818,0.8548,0.6593,0.01375,0.2178,-0.03739,0.6622,0.3079,-1.468,-0.9005,-0.8053,-0.807,-0.4886,-0.4827,-0.5735,0.45,0.2308,32.05,fast
lh_v23ab,0.3187,1.291,0.2382,-0.8988,-1.491,-0.3232,0.6747,0.212,0.7924,-1.14,-0.8713,-0.1956,-0.2009,-0.07211,1.135,0.2837,-0.1222,-0.0532,-0.6472,-0.4332,-0.2685,-0.4696,,23.64,fast
lh_d23ab,1.487,0.5487,-0.957,-0.44,-0.283,0.9114,0.2771,1.358,1.268,-0.2721,-0.3832,-0.5325,-0.8402,-0.7242,0.5086,0.05402,0.1725,0.05063,0.1266,-0.03471,0.02149,0.3787,-0.5312,31.49,fast
lh_31pv,-1.015,-1.27,-2.779,0.644,0.2212,-1.668,-2.932,-1.474,-1.533,-0.4523,0.336,0.8645,0.9398,-0.4614,-3.644,-1.699,-1.688,-1.937,-0.992,-1.101,-1.525,1.195,0.978,26.81,fast
lh_5m,-1.694,-0.772,-1.975,-0.4692,-0.1783,-1.699,-0.4883,-0.9951,-1.939,-1.572,-1.372,1.144,-0.5164,-0.5796,-1.378,-0.8713,-1.185,-1.272,-1.741,-1.522,-1.231,-0.7524,,26.59,fast
lh_5mv,0.5743,0.9876,-0.8008,0.8988,1.148,0.414,0.5131,1.055,0.2584,0.7818,0.536,0.2229,-0.007263,0.2753,0.3076,1.056,1.106,1.227,0.9143,0.8821,1.053,0.6461,0.0007263,26.87,fast
lh_23c,0.4605,0.2496,-0.01447,-0.01178,0.2731,-0.001448,-0.3876,0.8174,0.4532,0.1171,0.1291,-0.004128,0.5184,0.3779,-0.2113,-0.6064,-0.4302,-0.1683,-0.1297,-0.03294,-0.03668,0.2315,-0.102,25.68,fast
lh_5L,0.3918,-0.943,-0.2624,-0.7615,-0.8576,-0.5251,0.05465,-0.596,-0.06828,-1.087,-1.365,0.1936,-0.34,-0.4642,0.3281,-0.1837,-0.3598,-0.2914,-0.5922,-0.6046,-0.4332,-0.1384,-0.377,27.13,fast
lh_24dd,0.03031,2.166,0.0389,-0.1523,0.05904,0.005834,1.289,1.582,0.5052,-0.7349,-0.8252,0.8482,0.3985,0.5772,1.185,0.7003,0.7101,0.975,-0.01479,0.1672,0.392,-1.358,-1.227,18.13,slow
lh_24dv,0.855,0.5679,-0.5095,-0.1136,-0.03539,0.6082,0.09135,0.2441,0.8866,-0.02776,-0.7794,-0.5875,0.5434,0.968,0.3731,-0.6965,-0.6455,-0.4826,-0.2284,-0.2872,-0.3092,-0.271,-1.022,20.62,mid
lh_7AL,0.06428,-1.042,-0.06676,-0.7097,-0.8269,-0.8234,-0.4717,-0.6201,-0.05461,-0.2034,0.1397,0.1285,-1.039,-1.285,-0.1409,-0.3457,-0.3739,-0.3826,-0.5294,-0.6473,-0.5032,0.1405,0.2987,22.47,mid
lh_SCEF,-0.067,0.6742,-0.4018,0.271,0.1727,-0.4599,-0.1245,0.2028,-0.07082,-1.029,-0.6326,1.128,1.505,1.126,-0.6558,-0.6067,-0.5696,-0.1729,-0.7256,-0.6287,-0.5436,-1.182,-0.7075,16.91,slow
lh_6ma,-0.3512,-0.3931,0.2375,1.245,0.631,0.5825,0.7043,-0.2789,-1.078,-0.2767,-0.2001,0.867,1.926,2.253,-0.09539,-0.2409,0.134,0.5449,0.2544,0.3752,0.3982,-0.8205,-0.1946,15.01,slow
lh_7Am,1.016,-0.7887,-0.484,0.3928,0.139,-0.3625,0.5581,0.01477,-0.1192,-0.4738,-0.4412,0.638,0.3581,-0.1204,0.6352,0.3627,0.6778,1.042,0.416,0.6021,0.7651,0.2361,0.002917,27.7,fast
lh_7PL,-0.08421,-1.424,-0.2804,1.812,2.076,-0.04452,-1.222,-0.3457,-1.192,0.6858,1.24,1.798,1.407,0.01613,-1.356,0.7913,1.043,1.255,0.6509,0.9656,1.103,1.621,,29.94,fast
lh_7PC,-0.258,-0.7533,0.06798,-0.8671,-1.243,-0.7737,0.6349,-0.5966,-0.3605,-1.486,-1.759,0.5389,-0.04533,-0.6069,0.856,0.04916,-0.1059,0.2202,-0.4538,-0.3372,-0.2565,-0.7371,-0.6643,19.81,mid
lh_LIPv,-1.582,-2.425,-1.279,-0.7926,-1.187,-1.8,-0.6102,-1.997,-1.962,-1.193,-0.3501,0.6205,-0.5789,-1.283,-1.732,-2.239,-2.165,-2.12,-1.956,-2.15,-2.27,-0.4309,0.2515,18.26,mid
lh_VIP,0.699,0.2336,0.4453,0.08311,0.05626,-0.1541,0.9342,0.8816,0.2185,-0.5952,-0.1773,0.6974,0.0603,-0.5558,0.9528,0.9226,1.007,1.289,0.2065,0.5835,0.8173,-0.04493,-0.2429,24.19,fast
lh_MIP,0.2694,0.3184,0.2165,-0.3993,-0.1666,-0.1108,0.6937,1.481,0.3465,-0.4492,0.2059,0.5636,-1.136,-1.631,0.6748,0.6763,0.4576,0.506,-0.3169,-0.04043,0.2497,-0.06704,-0.282,21.31,mid
lh_1,-1.116,-0.3026,0.8043,-0.2178,-0.1867,-1.255,0.6471,-0.1885,-0.9906,-1.563,-1.186,1.63,0.2511,-0.7623,0.3563,0.4371,0.3319,0.4642,-0.6321,-0.2071,-0.07488,-1.326,-0.9438,16.33,slow
lh_2,0.4813,0.1816,-0.3478,0.4379,0.2454,-0.1993,-0.3808,1.071,0.1796,0.248,0.5729,0.726,-0.05585,-0.8061,-0.2932,0.3102,0.4507,0.4816,0.19,0.2169,0.3528,0.205,0.5989,20.78,mid
lh_3a,-1.028,1.543,0.4816,-0.8553,-0.4213,-1.04,1.926,1.578,-0.2489,-1.702,-1.699,1.143,-1.187,-1.029,1.396,0.7025,0.3418,0.4637,-1.03,-0.4172,-0.05603,-2.378,-2.437,17.18,slow
lh_6d,-0.0571,0.8688,0.1545,-1.542,-1.656,-0.6777,1.791,0.7267,-0.1206,-2.379,-1.935,0.9086,0.09524,-0.2044,1.328,-0.6794,-0.6762,-0.1772,-1.848,-1.408,-1.08,-2.86,-2.124,0.1359,slow
lh_6mp,-0.3066,0.526,0.07337,-1.46,-1.78,-0.8675,0.3063,0.0417,-0.1284,-2.114,-1.754,0.8178,0.4801,0.1261,0.05483,-1.394,-1.344,-1.009,-1.728,-1.527,-1.561,-2.407,-1.728,10.08,slow
lh_6v,0.1034,0.831,0.7832,-0.2822,-0.9499,-0.2441,0.2873,-0.2702,0.09354,-0.6358,-0.9401,0.7077,0.9204,1.437,0.5652,0.4092,0.3359,0.5014,-0.1677,-0.04439,0.173,-1.567,,7.299,slow
lh_p24pr,0.1769,-1.022,-1.14,-0.626,-0.6716,-0.1398,-0.9081,-1.255,-0.1539,-0.4103,-0.4925,-0.4367,0.8988,0.7768,-1.021,-1.565,-1.602,-1.53,-0.7606,-1.001,-1.277,-0.2102,-0.631,28.77,fast
lh_33pr,2.05,-0.05845,1.796,-2.577,-1.584,1.835,0.6592,0.6702,2.302,-0.882,-1.672,-2.082,-1.194,-0.3815,1.908,-1.307,-1.357,-1.214,-0.8258,-1.281,-1.225,-1.698,-2.775,11.02,slow
lh_a24pr,1.524,-0.04173,0.2527,-0.9359,-0.4343,1.297,0.2068,0.05402,1.338,-0.131,-0.9778,-1.307,0.177,0.8347,0.7692,-1.046,-0.9264,-0.6488,0.003423,-0.3483,-0.4831,-0.7471,-1.901,27.18,fast
lh_p32pr,0.3172,0.276,-0.9918,1.073,0.9936,0.7164,-0.8943,0.0717,-0.06918,0.2334,0.4612,0.4394,1.562,1.635,-1.312,-0.8893,-0.5619,-0.366,0.283,0.09558,-0.199,0.2125,-0.03245,20.46,mid
lh_a24,1.823,-0.3225,0.1247,-0.6728,-0.2199,1.576,-1.847,-1.03,1.652,0.8894,0.1477,-1.83,-0.1391,0.3378,-0.4151,-0.7408,-0.7337,-0.8237,0.5774,0.2111,-0.1666,1.092,-1.131,22.8,fast
lh_d32,1.394,0.9508,1.102,0.5725,1.004,2.067,0.03818,0.5679,1.385,1.247,1.339,-0.3648,0.447,0.701,0.6082,0.9285,1.095,1.098,1.65,1.519,1.345,0.7047,-0.2507,23.46,fast
lh_8BM,-0.1885,0.7235,-0.1444,0.7705,0.6903,0.03842,-0.3909,-0.1205,-0.2191,0.06696,0.7494,0.7974,1.265,1.133,-0.5466,-0.174,0.07878,0.1735,0.4726,0.4675,0.4235,0.1646,0.2752,24.13,fast
lh_p32,2.53,1.232,1.319,1.192,1.384,1.952,-0.7907,1.053,2.314,1.715,1.14,-0.3584,1.371,1.003,0.8183,2.072,2.197,2.277,2.52,2.54,2.375,1.435,-0.09866,26.11,fast
lh_10r,0.04881,-1.054,-0.6022,0.8908,0.8126,0.3524,-0.8847,-1.497,-0.5458,0.7688,0.5177,-0.1631,0.9788,0.8082,-0.8295,-0.05217,-0.09822,-0.1778,0.8041,0.781,0.4646,1.944,1.099,31.45,fast
lh_47m,-0.08894,0.5776,-0.1078,1.493,1.703,1.026,1.133,0.9641,-0.1895,0.02222,0.1337,0.3936,0.6903,1.277,0.5736,0.7118,0.686,0.8288,0.588,0.6762,0.7318,0.3566,,24.96,fast
lh_8Av,0.3905,1.289,1.306,0.008627,-0.1121,-0.008478,0.2227,1.311,0.653,-0.5439,0.6065,1.134,0.5136,-0.2247,0.3773,0.1408,0.2722,0.5198,-0.03456,0.1359,0.2405,-0.68,-0.2918,19.74,mid
lh_8Ad,-0.2243,-0.1733,-0.406,-0.2415,-0.4686,-0.1838,0.5136,-0.2603,-0.4461,-0.2519,0.9393,0.4912,-0.04446,-0.287,-0.05863,-0.5899,-0.5903,-0.5263,-0.3432,-0.3848,-0.4242,-0.08049,0.3,15.15,slow
lh_9m,0.7823,0.3196,0.7493,0.3217,0.3146,0.8924,-0.1698,-0.0426,0.7138,0.7022,1.107,-0.1245,0.4709,0.4687,0.2594,0.2568,0.3803,0.3415,0.6094,0.6252,0.517,0.7713,0.3621,28.93,fast
lh_8BL,-0.6809,-0.06847,0.7643,-1.022,-1.457,0.002194,0.7097,-0.2209,-0.492,-0.9007,0.01048,0.03876,0.102,0.007509,0.5794,-0.6495,-0.7137,-0.5668,-0.6611,-0.6253,-0.8657,-0.6589,-0.2629,25.4,fast
lh_9p,0.2404,0.5846,-0.04932,-0.5747,-0.8927,-0.6766,-0.646,-0.06562,0.5657,0.009501,1.078,0.2052,-0.3289,-0.6048,-0.4425,-0.6763,-0.6829,-0.8525,-0.7431,-0.8413,-0.8849,0.3044,0.3456,19.38,mid
lh_10d,1.1,0.9168,1.828,0.08675,0.534,0.8269,0.5231,0.6689,1.267,0.9969,1.546,-0.1132,-0.2726,-0.4865,1.459,1.614,1.573,1.435,1.584,1.635,1.623,1.281,,32.03,fast
lh_8C,-0.09087,2.087,1.156,0.5667,0.3436,-0.0906,-0.6138,1.772,0.8246,0.0456,1.054,1.241,0.6694,0.3225,-0.03051,1.07,0.9602,0.81,0.444,0.6487,0.6691,0.2308,0.3863,16.74,slow
lh_44,-0.9959,2.15,2.082,0.3593,-0.03892,-0.1536,-1.469,1.584,0.5025,1.253,1.709,-0.1104,-0.1384,0.5791,-0.8682,-0.0792,0.267,-0.1995,0.07165,-0.02289,-0.07169,0.2122,0.5895,14.8,slow
lh_45,-0.7669,0.2114,0.6003,0.7742,0.5715,-0.1361,0.1931,0.3064,-0.7823,0.1125,0.9992,0.6977,1.047,0.9221,-0.09191,0.3065,0.3566,0.3046,0.331,0.4437,0.387,0.456,1.065,21.9,mid
lh_47l,-0.56,-0.08758,0.4444,0.688,0.4583,-0.1008,0.04008,-0.02698,-0.5074,-0.1784,0.3172,0.4889,1.099,1.115,-0.03457,0.01819,0.05503,0.1406,0.5395,0.5127,0.2471,0.4954,0.7801,23.1,fast
lh_a47r,-0.2273,-0.5585,-0.1351,-0.3289,-0.3762,0.001425,-0.2967,-0.5407,-0.1881,-0.1264,0.3385,-0.4426,-0.3063,-0.01341,-0.4956,-0.8936,-1.015,-1.131,-0.4138,-0.6371,-0.8345,0.7681,1,28.28,fast
lh_6r,0.03302,1.588,1.467,1.43,1.458,0.8798,0.2123,0.9994,0.4545,0.8814,1.084,1.107,1.388,1.377,0.4977,1.447,1.647,1.753,1.593,1.698,1.689,-0.2267,,11.31,slow
lh_IFJa,0.2875,0.965,-0.2693,0.448,-0.2291,0.1828,1.09,0.003081,-0.1389,-0.3389,-0.2191,0.832,1.295,1.226,0.9325,0.8812,1.136,1.077,0.1133,0.5231,0.5894,-0.2051,,16.38,slow
lh_IFJp,0.1139,1.813,1.762,-0.2754,-0.3504,-0.05573,0.273,1.346,0.9981,0.3253,1.116,0.5968,-0.07181,0.1991,0.6331,0.6538,0.7524,0.6195,0.5224,0.4198,0.4725,-0.8533,,12.11,slow
lh_IFSp,-0.8526,1.72,1.364,1.254,1.063,0.09557,0.1651,1.505,-0.1056,0.4173,1.093,1.238,0.978,0.863,0.04791,1.203,1.243,1.273,0.8395,1.014,1.084,0.5601,0.741,19.73,mid
lh_IFSa,0.2397,1.721,1.11,1.005,1.157,0.1699,-0.3137,1.254,0.8038,0.9432,1.692,1.21,1.191,0.4332,0.4423,2.291,2.143,1.85,1.332,1.749,1.872,1.272,0.8673,23.11,fast
lh_p9-46v,0.4447,0.9752,0.6565,0.836,0.7091,0.1498,0.3336,1.301,0.3317,-0.1749,0.9722,1.103,0.8337,0.3513,0.4842,1.078,1.125,1.314,0.4412,0.9225,1.129,0.59,0.5505,22.72,fast
lh_46,0.3125,0.5854,0.196,0.9542,0.3705,0.2406,-0.03261,0.346,0.1629,0.3808,1.15,0.6795,1.163,1.043,0.1043,0.897,0.9507,0.9053,0.9425,1.088,0.9766,1.169,1.112,22.32,mid
lh_a9-46v,0.5292,0.8119,0.4955,1.31,1.438,1.13,-0.1883,0.7068,0.5217,1.324,1.968,0.7036,0.598,0.1401,0.1117,1.622,1.574,1.714,2.095,2.154,2.059,1.909,1.185,27.44,fast
lh_9-46d,0.7799,-0.3017,-0.2586,-0.3567,-0.6085,0.3272,0.8071,-0.1487,0.3878,0.1282,0.5837,-0.5235,-0.524,-0.1865,0.7402,-0.01292,-0.1783,0.01298,0.1998,0.09144,0.01229,0.5707,0.3493,22.67,fast
lh_9a,0.8502,-0.3702,0.06934,1.276,1.318,0.539,-1.102,0.3128,0.2631,1.208,1.818,0.3635,0.4979,-0.02628,-0.9945,0.3546,0.5532,0.5429,1.03,1.034,0.8635,1.727,1.468,23.2,fast
lh_10v,0.9483,-0.07235,1.066,-0.3174,0.04268,1.178,-0.1579,0.5938,1.104,0.5964,0.8131,-0.6647,0.127,-0.2004,0.5074,0.25,0.2102,0.1444,0.7303,0.4987,0.3662,1.114,0.1679,30.59,fast
lh_a10p,0.7077,0.07452,0.3636,0.7677,0.9621,0.2306,-0.3262,0.5016,0.316,0.7736,1.206,0.1815,0.3675,0.2092,-0.211,0.4766,0.5373,0.5522,0.7752,0.8613,0.8578,1.536,,27.06,fast
lh_10pp,0.6898,0.2436,1.487,-0.8597,-0.4523,0.6492,0.6248,0.8908,0.9893,0.5728,1.294,-1.006,-1.462,-1.176,1.188,0.3892,0.2402,-0.03087,0.6912,0.4277,0.2996,0.868,,30.26,fast
lh_11l,0.8959,1.033,1.073,0.9487,1.171,1.088,0.8472,1.179,0.9181,1.106,1.306,0.03296,0.3446,0.3977,1.161,1.591,1.51,1.543,1.735,1.785,1.748,1.283,0.8475,32.52,fast
lh_13l,-0.04619,-0.06981,0.5666,1.026,0.8603,0.6428,0.993,-0.4001,-0.3838,0.8012,0.9223,-0.129,1.459,1.602,0.844,0.9204,0.9911,0.9918,1.308,1.281,1.2,1.109,0.8284,24.13,fast
lh_OFC,0.6926,-0.3391,0.6117,0.4538,0.5803,0.8243,-0.7442,-0.4526,0.5734,1.471,1.597,-0.9236,0.5201,0.4111,-0.289,0.04357,0.1616,0.07821,1.053,0.7948,0.5372,1.371,0.5894,22.08,mid
lh_47s,-0.3979,0.1168,1.38,0.6173,0.4984,0.9243,0.07135,-1.509,-0.2028,1.366,1.064,-0.6895,1.294,2.001,0.3158,0.6778,1.016,0.8974,1.537,1.396,1.103,0.7362,0.3286,20.65,mid
lh_LIPd,1.327,1.013,0.2532,-0.2606,-0.3519,0.1077,1.925,1.377,1.109,-0.3391,-0.1807,0.2182,-0.5227,-0.268,1.901,1.187,1.191,1.414,0.2845,0.5935,0.8265,-0.5082,,21.8,mid
lh_6a,0.07669,0.9428,0.01212,-0.4729,-0.643,-0.03002,0.3972,0.2564,0.2798,-0.3277,0.227,0.7786,0.2985,0.04326,0.15,-0.1058,-0.06087,0.1132,-0.169,-0.1106,-0.07292,-0.9069,-0.3979,8.62,slow
lh_i6-8,0.1508,0.748,0.1248,-0.3121,-0.4664,0.2144,0.6281,0.8908,0.166,-0.9454,-0.04911,0.8946,0.347,0.1189,0.2397,-0.4345,-0.2773,-0.01918,-0.5008,-0.4588,-0.4234,-1.18,-0.6349,14.45,slow
lh_s6-8,0.3645,0.4381,-0.7055,0.8407,0.7533,0.6702,-1.325,-0.5547,0.0753,1.265,2.144,1.402,1.348,-0.0007204,-1.244,1.051,1.222,1.208,0.9748,1.175,1.12,0.633,,16.01,slow
lh_43,-0.7068,-0.138,0.3547,0.4881,0.1612,-0.8151,-0.5931,-0.8483,-0.589,0.005375,-0.1027,0.6057,0.8429,0.9989,-0.6764,-0.1605,-0.06825,-0.1317,-0.07334,-0.07375,-0.1458,-0.2242,0.4548,15.15,slow
lh_OP4,-0.7024,-0.8677,0.4178,-0.468,-0.6654,-0.3966,0.7245,-1.246,-0.7219,-0.9136,-1.141,-0.001286,0.1414,0.2365,0.3615,-0.236,-0.4803,-0.3898,-0.3949,-0.4151,-0.4774,-0.6607,-0.1061,21.58,mid
lh_OP1,-0.8132,0.07883,1.061,-2.372,-2.274,-1.361,0.7368,-1.116,-0.1814,-0.9021,-0.7494,-0.5999,-1.66,-1.312,0.8384,-1.024,-1.075,-1.229,-0.772,-0.9961,-1.107,-0.9111,,19.62,mid
lh_OP2-3,-0.5412,0.7373,0.2979,1.314,1.83,0.4856,1.271,-0.1325,-0.3788,1.206,0.3548,0.3282,0.2463,0.5153,0.9571,1.872,1.849,1.738,1.506,1.673,1.905,0.3304,,20.41,mid
lh_52,0.5415,0.5354,0.4359,0.523,0.7379,0.5617,0.3958,0.0317,0.8106,1.593,0.5371,-1.025,-0.5148,0.5152,0.5611,0.6267,0.666,0.344,0.8171,0.6911,0.5878,0.3466,0.05902,17.49,slow
lh_RI,-0.7942,1.474,0.6021,1.051,1.898,-0.3065,1.638,2.644,0.2044,0.4257,0.6761,0.8846,-0.7114,-1.273,0.7774,1.47,0.9826,1.041,0.231,0.468,0.6612,-0.7063,,20.14,mid
lh_PFcm,-1.428,-1.961,-1.58,-0.1763,0.04429,-0.3989,1.511,0.02051,-2.009,-0.88,-0.9236,-0.2368,-0.7114,-0.1068,-0.0783,-2.095,-1.697,-1.22,-1.462,-1.397,-1.292,-0.1616,,19.94,mid
lh_PoI2,2.003,0.774,1.886,-0.9712,-0.6481,1.525,-1.526,-0.08327,2.566,0.9982,-0.5926,-2.329,-0.6045,1.313,0.524,-0.4515,-0.1473,-0.3401,1.047,0.1996,0.02166,-0.1179,-1.579,20.7,mid
lh_TA2,0.9687,-0.4167,0.8185,0.9133,1.024,1.551,-1.07,-1.107,0.7484,1.898,0.5642,-0.971,0.4567,0.2606,-0.3992,0.408,0.692,0.6226,1.661,1.248,0.9954,0.7607,0.4563,9.564,slow
lh_FOP4,0.2622,0.9763,0.7313,0.6694,0.4735,1.014,0.6717,0.6797,0.354,0.6395,0.4899,-0.4216,0.8632,1.789,0.579,0.08079,0.4169,0.4634,0.766,0.5746,0.4535,-0.2273,-0.04277,15.57,slow
lh_MI,1.304,1.01,1.653,0.7438,0.7012,1.876,-0.5466,0.117,1.469,1.776,0.5449,-1.403,1.158,2.588,0.688,0.6498,0.9828,1.063,2.032,1.687,1.526,0.7759,-0.5805,24.39,fast
lh_Pir,1.397,-0.198,2.939,-3.039,-1.522,1.91,1.573,1.051,2.368,-1.52,-3.228,-3.034,-2.833,0.01148,2.503,-2.256,-2.217,-1.956,-0.523,-1.433,-1.508,-3.183,,0.3829,slow
lh_AVI,0.2034,0.4022,0.2983,0.1213,0.06765,0.5991,0.5751,-0.09968,0.1589,0.4428,0.5315,-0.3198,0.3351,0.99,0.4338,0.04073,0.2034,0.107,0.5656,0.5208,0.3634,0.168,0.3601,20.31,mid
lh_AAIC,2.102,-0.3623,0.07889,0.9947,2.14,2.464,-2.95,-1.422,1.84,2.311,0.9898,-1.269,1.184,2.75,-1.835,-1.546,-1.356,-1.059,0.989,-0.09449,-0.02613,0.2437,,15.78,slow
lh_FOP1,-1.444,-1.317,-0.9091,-1.12,-1.511,-1.279,-1.174,-1.912,-1.149,-0.5325,-0.9265,-0.8777,-0.07431,0.3675,-1.49,-2.264,-2.416,-2.464,-1.449,-1.854,-2.269,-0.4751,,16.98,slow
lh_FOP3,1.263,1.073,1.097,0.4003,0.4451,0.6971,-0.3308,0.09675,1.396,1.108,0.01459,-1.048,-0.1225,1.165,0.9741,0.7362,0.931,0.8516,1.769,1.463,1.313,0.07824,-0.4831,14.05,slow
lh_FOP2,0.3454,-1.366,-1.017,-0.566,-1.168,-0.3744,0.4672,-2.308,-0.4195,0.513,0.2481,-1.307,0.02569,1.143,-0.05911,-1.203,-1.248,-1.179,-0.4639,-0.8179,-1.103,-0.3607,,19.32,mid
lh_PFt,0.3627,0.2044,0.8622,-0.3799,-0.3017,-0.2601,1.06,1.429,0.4551,-0.226,0.3068,0.1438,-0.4894,-1.079,0.8663,-0.03559,-0.104,0.09143,-0.4562,-0.3803,-0.1313,-0.6022,-0.06728,19.52,mid
lh_AIP,0.3896,0.597,0.06994,0.5849,0.3516,-0.7108,-1.049,0.6936,0.2842,-0.04882,0.4807,1.271,0.5635,-0.8642,-0.8135,0.7037,0.77,0.7466,0.6517,0.5564,0.6121,0.3798,0.7102,22.25,mid
lh_EC,1.232,-0.125,2.149,-1.987,-1.12,1.269,0.221,1.398,1.765,-1.21,-1.585,-1.653,-0.9059,-0.04481,1.05,-0.6811,-1.057,-1.094,-0.9948,-1.467,-1.319,-2.823,-2.623,9.421,slow
lh_PreS,-0.2638,-2.301,0.4962,-0.9335,-0.6284,0.926,0.6911,-1.934,-0.483,-0.593,-2.214,-2.22,-0.8327,1.176,0.7112,-1.699,-1.665,-1.646,-1.219,-1.509,-1.626,-1.145,-1.843,12.2,slow
lh_ProS,0.105,-0.8561,0.3844,-1.444,-2.035,-0.5355,0.3582,-2.098,-0.1029,-0.8981,-1.976,-1.587,0.3566,1.272,0.7816,-1.327,-1.387,-1.411,-1.277,-1.28,-1.549,-0.3727,,27.54,fast
lh_PeEc,2.287,-0.2021,1.944,-1.452,-0.8324,1.838,-0.8628,0.6709,2.556,0.7846,-0.4333,-2.209,-0.6407,-0.04299,0.6739,-0.5188,-0.4035,-0.5399,0.3313,-0.3597,-0.3893,-1.152,-1.79,5.889,slow
lh_STGa,0.6761,-1.253,1.204,0.04909,0.209,1.669,-0.6786,-1.396,0.5119,1.833,0.4935,-1.715,0.2482,0.5716,-0.185,-0.1134,-0.03196,-0.2353,1.11,0.4052,0.1853,0.432,-0.1125,12.72,slow
lh_PBelt,-1.246,0.4327,0.3196,-0.8869,-0.5202,-0.9211,1.413,0.2312,-0.4549,-0.583,-0.7396,-0.03551,-1.836,-1.606,0.9882,0.4481,0.04382,-0.05637,-0.4414,-0.4351,-0.3557,-1.004,-1.041,13.67,slow
lh_A5,-0.6081,-0.9342,-0.09019,-0.08691,-0.1866,-0.05303,0.1585,-1.053,-0.5454,0.3766,-0.2375,-0.4712,0.0731,0.3105,-0.04004,-0.2188,-0.243,-0.3483,-0.3638,-0.2957,-0.3502,0.2779,1.061,20.39,mid
lh_PHA1,1.225,-1.636,1.114,-1.801,-1.208,0.7003,-0.1479,-1.539,1.038,-0.6013,-0.9416,-1.697,-1.135,-0.4719,0.782,-1.099,-1.119,-1.19,-0.8459,-1.238,-1.135,-1.122,-1.653,14.24,slow
lh_PHA3,0.6156,-0.9108,-0.1786,0.8954,0.9767,0.8916,-0.6252,-0.3791,0.2918,1.766,0.7836,-1.11,0.294,0.578,-0.5389,-0.2721,0.0655,-0.07285,0.676,0.4471,0.378,0.6839,0.4723,17.28,slow
lh_STSda,0.6613,0.6941,1.074,-0.1485,-0.04095,1.052,0.4461,0.6389,0.9878,0.8925,0.3957,-0.6777,-0.08423,0.144,0.9925,0.8228,0.7418,0.671,1.16,0.9025,0.9002,0.2358,,19.46,mid
lh_STSdp,-0.3358,-0.3047,-0.7687,0.04562,-0.06868,-0.1874,0.4996,-0.09586,-0.3498,0.3984,0.4073,-0.08026,-0.1078,-0.261,-0.06905,0.2147,0.1279,0.05794,-0.06037,-0.05312,0.02881,0.2564,1.106,24.29,fast
lh_STSvp,-0.2454,-0.7469,-0.7191,-0.7884,-1.321,-0.8114,0.3226,-0.7512,-0.2954,-0.04543,0.08662,-0.8109,-0.5646,-0.4217,0.4091,-0.8594,-0.8785,-0.8816,-0.7254,-0.8381,-0.837,-0.1082,0.4791,24.88,fast
lh_TGd,1.738,-0.5933,1.077,-1.23,-0.8471,1.415,-1.121,-0.0182,1.843,1.259,0.3813,-2.127,-0.7872,-0.2533,-0.0749,-1.014,-0.7794,-1.051,0.3841,-0.4558,-0.6647,-0.3027,-0.9604,11.78,slow
lh_TE1a,1.03,-0.1685,0.9456,-0.3237,-0.1473,1.362,1.076,0.4829,0.8518,0.8778,0.5021,-1.139,-0.2174,-0.08341,1.366,0.2163,0.3259,0.4899,0.8247,0.5506,0.5026,0.02838,0.07716,17.48,slow
lh_TE1p,-0.6322,-1.95,-1.255,-0.3506,-0.8663,-0.3934,-0.4453,-1.457,-1.154,0.08605,0.2223,-0.827,-0.1157,-0.1889,-1.176,-1.914,-1.66,-1.764,-1.124,-1.356,-1.543,0.2788,1.253,18.88,mid
lh_TE2a,1.227,-0.1716,0.2831,-0.1388,-0.1786,0.9303,-0.469,0.3268,1.196,0.826,0.3641,-1.137,-0.05264,0.2476,-0.03611,-0.452,-0.2997,-0.2988,0.4171,-0.001197,-0.1213,0.1917,0.3202,18.18,mid
lh_TF,0.5648,-1.364,-0.6231,0.2807,0.1736,0.3624,-0.7452,-1.175,0.1083,1.425,0.5563,-1.093,0.1621,0.6971,-0.6924,-0.5926,-0.3667,-0.4258,0.3255,0.06431,-0.1328,0.3821,0.7102,17.18,slow
lh_TE2p,0.2358,-1.177,-0.5862,0.6658,0.5172,0.1792,-0.7304,-0.6591,-0.2142,1.108,0.6183,-0.491,0.3271,0.5655,-0.8765,-0.451,-0.2363,-0.3142,0.2735,0.01481,-0.0146,0.7668,1.332,18.22,mid
lh_PHT,-0.3494,-1.005,-0.4982,-0.426,-0.6778,-0.2412,-0.3265,-0.9971,-0.451,-0.156,-0.3122,-0.3771,-0.2715,-0.1454,-0.6935,-1.143,-1.062,-1.143,-0.6595,-0.94,-0.9901,0.1292,1.021,20.85,mid
lh_PH,-0.4203,0.6127,-0.006274,0.5415,0.5183,0.05365,-0.4709,0.8111,-0.08221,0.577,0.2903,0.1706,-0.3551,-0.2226,-0.4197,0.6645,0.6144,0.371,0.3121,0.3739,0.4586,0.598,0.8689,19.7,mid
lh_TPOJ1,-0.4742,-0.4298,-0.2071,0.9639,0.9626,-0.06067,0.3834,-0.164,-0.8389,0.6237,0.2688,0.4644,0.8775,0.6278,0.1139,0.7438,0.9431,1.02,0.6405,0.7821,0.9183,0.5581,1.218,21.16,mid
lh_TPOJ2,-0.7608,-0.7849,-0.8638,-0.3754,-0.7656,-0.9307,0.02568,-0.8437,-0.7998,-0.3626,-0.3218,-0.054,-0.284,-0.3904,-0.6727,-0.6452,-0.8336,-0.9691,-0.9013,-0.9772,-1.027,-0.1913,0.7576,21.93,mid
lh_TPOJ3,0.5691,1.717,1.355,0.7099,0.5006,0.3497,-0.7789,1.09,1.044,0.1621,-0.1644,0.8986,0.8605,0.7382,0.4024,1.766,1.7,1.498,0.9859,1.296,1.569,0.9641,,23.22,fast
lh_DVT,-0.1406,0.365,-0.1747,-0.3346,-0.2138,-0.6589,0.3308,0.1865,-0.07253,-0.8637,-0.7226,0.2724,-0.7493,-0.9527,0.2862,0.348,0.07167,0.05025,-0.03838,-0.0379,0.06491,0.1416,-0.4604,24.99,fast
lh_PGp,0.009649,-0.5446,0.2124,0.781,0.874,0.2958,-0.2863,0.4352,-0.2465,-0.1418,-0.2857,0.4868,0.1303,-0.2897,-0.2527,0.4549,0.32,0.3678,0.3324,0.2853,0.406,0.4193,0.3381,26,fast
lh_IP2,-0.0929,0.01839,-0.1552,-0.1721,-0.2887,-0.763,-0.3651,0.9612,0.05866,-0.1904,0.5152,0.6296,-0.2477,-1.034,-0.4429,0.1334,0.0289,0.07505,-0.4566,-0.2485,-0.2276,0.2181,0.6924,22.53,mid
lh_IP1,-0.9116,-0.8413,-0.4205,0.1374,0.07482,-0.8266,-0.6105,0.1603,-0.8719,-0.4294,0.2851,0.7798,-0.3633,-1.348,-1.164,-0.4339,-0.5577,-0.4933,-0.8833,-0.7536,-0.6103,0.17,0.6121,23.42,fast
lh_IP0,0.06623,-0.3412,-0.9521,1.49,1.864,0.1978,0.3308,0.7784,-0.4716,0.7197,1.109,0.905,-0.04727,-0.6437,-0.5385,1.085,1.083,1.244,0.8401,1.078,1.249,0.9882,0.6732,22.37,mid
lh_PFop,0.4625,-0.01904,0.03192,1.768,1.53,0.5091,-0.1481,0.9645,0.08979,1.185,0.9524,0.8602,1.392,0.9856,-0.2387,0.927,1.182,1.381,0.7907,1.148,1.192,0.5773,1.138,19.48,mid
lh_PF,-0.2926,-0.5817,0.4007,0.7305,0.512,-0.008556,-0.4903,0.3865,-0.3664,0.4367,0.711,0.3224,0.4154,-0.1579,-0.8379,-0.1803,-0.1766,-0.1696,-0.1682,-0.1023,-0.08242,0.4569,1.269,20.17,mid
lh_PFm,-0.7487,-1.944,-1.162,0.4289,-0.0531,-0.5561,-0.7917,-1.051,-1.419,-0.07401,0.493,0.2418,0.286,-0.1083,-1.593,-1.178,-0.9929,-0.9669,-0.5482,-0.664,-0.8406,0.504,1.388,23.12,fast
lh_PGi,0.2048,-0.6196,-0.7522,-0.3686,-0.4375,-0.4951,-1.286,0.2862,-0.02174,-0.177,0.3323,0.03618,-0.3917,-1.323,-1.235,-0.9649,-0.9038,-0.9134,-0.5418,-0.7182,-0.7789,0.4321,0.8219,24.23,fast
lh_PGs,-0.6661,-1.317,-1.081,0.8615,0.7349,-0.636,-1.083,-0.3688,-1.201,-0.03072,0.6165,0.655,0.2917,-0.3271,-1.795,-0.6222,-0.6676,-0.6672,-0.5653,-0.4337,-0.4413,0.8968,1.208,28.11,fast
lh_VMV1,-2.238,-1.6,-1.405,0.3919,0.003854,-2.004,-0.3023,-1.882,-2.171,-0.1611,-0.3264,0.4006,-0.3393,-0.7545,-1.158,-0.07732,-0.2464,-0.4722,-0.7357,-0.5089,-0.642,0.1613,0.2727,19.29,mid
lh_VMV3,-1.308,-1.525,-2.421,-0.01716,-0.1043,-1.315,-0.4949,-1.094,-1.529,0.07762,0.2415,-0.5347,-1.162,-1.132,-1.897,-1.902,-1.881,-2.127,-1.413,-1.629,-1.732,0.03255,0.6561,21.11,mid
lh_PHA2,0.3737,-1.77,-1.398,0.8501,1.081,0.8979,-1.56,-1.787,-0.2986,2.15,1.273,-1.21,0.5419,0.6705,-1.534,-0.3831,-0.1855,-0.4534,0.7712,0.5542,0.2454,1.348,0.5691,18.44,mid
lh_V4t,-1.79,-2.102,-1.134,1.678,1.258,-0.4251,-2.04,-1.111,-2.554,-0.6587,-0.6507,1.245,1.369,1.232,-2.447,0.1442,0.1739,-0.05005,-0.1912,0.2117,0.3953,1.03,,19.05,mid
lh_FST,-0.8137,-0.7705,-1.054,1.415,1.274,-0.2243,-0.421,-0.6282,-1.257,0.2519,0.194,0.598,0.4605,0.5068,-1.079,0.3564,0.4301,0.3698,0.1224,0.2761,0.4435,0.8962,1.096,20.29,mid
lh_V3CD,-1.923,-1.234,-2.25,-3.215,-3.455,-1.889,1.632,-1.197,-1.552,-1.908,-1.244,-1.485,-4.29,-3.645,0.5535,-2.126,-2.91,-3.36,-3.512,-3.708,-3.424,-1.192,,20.8,mid
lh_LO3,-1.144,-0.7767,-0.523,1.16,1.021,-0.7083,-0.7499,-0.7906,-1.246,-0.0973,-0.05735,1.159,0.6332,0.08999,-1.232,0.465,0.339,0.1216,0.06177,0.3338,0.2674,0.6329,0.9196,20.74,mid
lh_VMV2,0.8945,-0.7525,-1.726,-0.2492,-0.06192,0.6525,-1.037,-0.1229,0.2368,-0.1379,-0.9276,-0.9419,-1.533,-1.266,-0.8877,-0.4392,-0.3298,-0.9633,-0.761,-1.024,-0.9219,0.3631,,19.56,mid
lh_31pd,-0.8108,0.9482,-0.4271,-1.098,-0.9511,-0.8652,1.018,1.09,-0.09318,-1.035,-0.3967,0.1535,-1.157,-1.446,0.8329,-0.06112,-0.4624,-0.5064,-0.9089,-0.7676,-0.7236,-0.3151,-0.6527,26.32,fast
lh_31a,0.1513,-0.6939,-1.085,0.8242,0.9911,-0.2949,-2.409,0.6429,-0.0662,0.8885,1.318,0.3968,-0.158,-0.854,-2.462,-0.8426,-0.681,-0.7408,-0.2691,-0.221,-0.4616,1.268,0.8633,28.41,fast
lh_VVC,-0.9788,-1.916,-1.535,-0.2459,-0.3505,-0.696,-0.6963,-1.699,-1.348,0.1118,0.01163,-0.479,0.1582,-0.0345,-1.376,-1.464,-1.343,-1.441,-1.119,-1.156,-1.274,0.3711,1.322,20.77,mid
lh_25,2.086,-0.09276,1.582,-0.7988,-0.6577,2.168,-0.2279,-0.5449,2.135,1.054,-0.14,-2.333,-0.04118,0.8407,1.283,-0.2512,-0.05502,-0.08064,0.9279,0.5892,0.3575,0.6592,-1.504,24.58,fast
lh_s32,1.805,0.8151,1.433,0.5034,0.8705,1.958,-0.9705,0.918,1.768,1.67,1.22,-0.9758,0.6048,0.4041,0.4482,0.9283,1.111,0.9504,1.691,1.547,1.399,1.688,-0.07645,28.5,fast
lh_pOFC,0.3814,-0.4942,0.4709,0.7267,0.6736,0.8338,-1.909,-1.53,0.2709,1.715,1.289,-0.9299,1.507,1.217,-1.094,0.08395,0.3869,0.1964,1.343,1.035,0.6596,1.332,0.2989,4.647,slow
lh_PoI1,0.7109,-0.6624,0.2053,-0.513,-0.5327,0.3081,-2.217,-1.509,0.9067,1.066,-0.2624,-1.725,-0.2805,0.674,-1.134,-1.107,-0.93,-1.368,0.1598,-0.4997,-0.7892,0.2798,-0.5844,17.34,slow
lh_Ig,-0.3699,-0.04933,-0.6823,2.171,1.652,-0.3735,-0.4439,-1.558,-0.7412,1.217,0.4154,0.4849,1.725,1.843,-0.6546,0.843,1.242,1.034,1.211,1.465,1.314,1.258,1.075,22.36,mid
lh_p10p,0.7212,1.331,0.7636,0.4208,0.6512,0.9818,0.3075,1.594,1.018,0.5918,1.23,0.274,-0.4249,-0.5391,0.7398,1.456,1.278,1.306,1.292,1.273,1.278,1.393,,27.48,fast
lh_p47r,0.4775,1.075,1.211,0.5514,0.4707,1.16,1.771,1.219,0.6006,0.2807,0.8165,0.003498,0.2962,0.5824,1.707,1.287,1.17,1.306,1.088,1.219,1.158,0.68,0.466,22.69,fast
lh_TGv,1.018,-0.9104,0.7373,-0.2,-0.1274,1.521,-0.1309,-0.233,0.738,1.066,0.1901,-1.547,0.108,0.4592,0.2311,-0.3785,-0.2064,-0.3154,0.5751,0.05849,-0.04651,0.04659,-0.09421,13.46,slow
lh_MBelt,-1.31,0.03047,-0.0387,0.8156,1.046,-0.4533,1.411,-0.5982,-1.098,0.04031,-0.5259,0.2938,-0.3406,0.1168,0.5938,1.147,0.9969,0.8544,0.3862,0.6632,0.7188,-0.4409,-0.4407,16.75,slow
lh_LBelt,-3.229,0.3577,-0.5175,-1.535,-2.03,-4.309,-0.3968,-2.004,-1.594,-1.756,-0.7354,0.2033,-1.018,-1.331,-0.1283,-1.097,-1.473,-1.551,-2.487,-1.981,-2.145,-2.126,,13.61,slow
lh_A4,-0.9202,-0.3178,0.4133,1.032,0.8971,-0.2979,-0.8059,-0.4802,-0.738,0.5455,0.2245,0.5167,1.051,0.3434,-0.9956,0.4048,0.5156,0.3544,0.3919,0.4648,0.4288,0.44,1.335,16.32,slow
lh_STSva,0.6647,-0.6836,-0.05408,-0.5964,-0.4663,0.7502,0.3551,-0.2544,0.559,0.4135,0.2145,-1.042,-0.3201,-0.05693,0.3001,-0.8483,-0.7387,-0.6955,-0.07312,-0.4486,-0.5344,-0.0467,0.2693,17.87,slow
lh_TE1m,0.3809,-0.3921,-0.2921,-0.315,-0.738,0.1979,-0.1456,-0.5925,0.3357,0.5308,0.3834,-0.744,0.3344,0.2269,-0.02469,-0.07371,-0.2041,-0.3029,0.1249,-0.0507,-0.1921,0.3443,0.8073,18.09,slow
lh_PI,0.271,-1.069,0.5285,-0.007544,-0.006552,0.7223,0.5026,-1.568,0.01554,1.043,-0.296,-1.499,0.02766,0.9592,0.6406,-0.1281,-0.07512,-0.1777,0.7313,0.3324,0.06662,0.2769,-0.04449,9.383,slow
lh_a32pr,2.157,0.7081,0.8559,-0.5669,-0.1991,1.947,0.827,0.8147,1.834,0.06966,-0.5531,-1.042,0.4133,1.376,1.578,0.1074,0.2361,0.5882,0.7995,0.7106,0.5842,-0.4091,-1.404,22.78,fast
lh_p24,1.887,0.431,-0.2205,-0.8039,-0.07003,2.026,-0.9752,0.3562,1.773,0.3987,-0.567,-1.492,0.04765,0.5916,0.1455,-0.8691,-0.5285,-0.5846,0.7156,0.3151,-0.03162,0.1628,,24.52,fast
