disorder	threshold	phenotype	stratum	n	n_families	n_multi_families	n_pairs	beta_within	se_within	p_within	beta_between	se_between	p_between	beta_diff	se_diff	z_diff	p_diff
ALZ	0p001	baseline_thickness	EUR	4116	3447	655	686	0.0941559133939528	0.0398063962680503	0.0182851597674291	-0.00397673910286649	0.0170878994937208	0.815990617839134	-0.0981326524968193	0.0432533929862442	-2.26878507607549	0.0232813989616284
ALZ	0p01	baseline_thickness	EUR	4116	3447	655	686	0.0757932663904793	0.0394084294344415	0.0548521093443608	0.00314510526286125	0.0171218754107403	0.854267905589374	-0.072648161127618	0.0429243852567005	-1.69246829496009	0.0905567202875261
ALZ	0p05	baseline_thickness	EUR	4116	3447	655	686	0.0508430206024886	0.0396084980252866	0.199694258126532	0.0109889821561948	0.0171266237632782	0.521154675038869	-0.0398540384462937	0.0431302194419557	-0.924039779114247	0.355465605226629
ALZ	0p1	baseline_thickness	EUR	4116	3447	655	686	0.0488919970502272	0.0396874768108152	0.21839182986416	0.0234549331252965	0.0171977195169379	0.17270642055619	-0.0254370639249308	0.0432348168586358	-0.588346748596205	0.55629957313143
ALZ	0p5	baseline_thickness	EUR	4116	3447	655	686	0.0104221842779096	0.0398465392905832	0.793739307465712	0.015616939923604	0.017202884253132	0.364041893718227	0.00519475564569443	0.0433846350416689	0.119737221269814	0.904691314148732
ALZ	1	baseline_thickness	EUR	4116	3447	655	686	0.00977729912007823	0.0399012619758285	0.806499513302514	0.0164529169655561	0.0171957989501349	0.338735486584382	0.0066756178454779	0.0434319283502442	0.153703003735968	0.877843916290133
ALZ	1e-5	baseline_thickness	EUR	4116	3447	655	686	0.0706304949087968	0.0406696602264139	0.0828829623998453	-0.0172635086497371	0.0170399260055042	0.311073297164589	-0.0878940035585339	0.044072325488543	-1.99431281613181	0.0461178795189235
ALZ	5e-8	baseline_thickness	EUR	4116	3447	655	686	0.0652318714936353	0.0413967399952696	0.11553183959557	-0.0224088460483333	0.0169986359167736	0.187499639677021	-0.0876407175419687	0.0447501909224192	-1.95844343309968	0.0501780025137258
ALZ	0p001	baseline_thickness	full	8082	6789	1250	1339	0.0605084267770476	0.0298393494000425	0.0427742562761017	0.00836404606426429	0.0118376038391878	0.479860476161223	-0.0521443807127833	0.0321005060645892	-1.62440992699193	0.104288349834729
ALZ	0p01	baseline_thickness	full	8082	6789	1250	1339	0.0510818883460507	0.029932684758624	0.0881319468447621	0.0134568945057357	0.0118867231043836	0.257634497851394	-0.037624993840315	0.0322080306745175	-1.16818672400493	0.242731454416402
ALZ	0p05	baseline_thickness	full	8082	6789	1250	1339	0.0618145165829111	0.0304305730470352	0.0424152826078219	0.0221131110854892	0.0119040119034488	0.0632663311924681	-0.039701405497422	0.0326818900407988	-1.21478303267835	0.224448853852117
ALZ	0p1	baseline_thickness	full	8082	6789	1250	1339	0.0424563486982013	0.0306635698420598	0.166405632543605	0.0247559483763183	0.0119407556529711	0.0381882994971898	-0.017700400321883	0.0329108402090855	-0.537828879768209	0.590695191986382
ALZ	0p5	baseline_thickness	full	8082	6789	1250	1339	0.0321893058602996	0.030682983404352	0.29432124951643	0.0190415971968087	0.0119614984557039	0.111451975053392	-0.0131477086634908	0.0329372693866748	-0.399174215358907	0.689764840824891
ALZ	1	baseline_thickness	full	8082	6789	1250	1339	0.0282323355195717	0.0306295520728625	0.356829841190661	0.0193502886639203	0.0119652275698997	0.105879278923992	-0.00888204685565135	0.0328886736695975	-0.270064002728756	0.787111015109447
ALZ	1e-5	baseline_thickness	full	8082	6789	1250	1339	0.0663302093817708	0.0297633109323259	0.026004013667397	0.000809436500148104	0.0118483096698204	0.945535600382811	-0.0655207728816227	0.0320363593607271	-2.04520033452814	0.0408351115329157
ALZ	5e-8	baseline_thickness	full	8082	6789	1250	1339	0.0597572696037436	0.0301542789970844	0.0477118686259354	-0.0030671742342463	0.0118491797214682	0.79575789201361	-0.0628244438379899	0.0324038651547917	-1.93879475605396	0.0525263349233965
ALZ	0p001	global_slope	EUR	4116	3447	655	686	0.0188173727346062	0.051405128222442	0.714413114036113	-0.0409991454833687	0.0156546792891768	0.00885857230688758	-0.0598165182179749	0.0536895111239504	-1.11411925655049	0.265228028529872
ALZ	0p01	global_slope	EUR	4116	3447	655	686	-0.0337412484004786	0.0508984971107844	0.507571075104685	-0.023762399529541	0.0157102146508469	0.130487204957173	0.00997884887093757	0.0532363917836032	0.187444124904255	0.85131242897559
ALZ	0p05	global_slope	EUR	4116	3447	655	686	-0.0669150898687561	0.0510305408434302	0.190128546247389	-0.0334449002556913	0.0157113842508017	0.0333495184940094	0.0334701896130648	0.0533781228907686	0.627039464867605	0.530633366228464
ALZ	0p1	global_slope	EUR	4116	3447	655	686	-0.0528848941926322	0.0511604562909772	0.301575325690946	-0.0343128549049003	0.015764795632456	0.0295825179018475	0.0185720392877319	0.0535211890106571	0.347003488357365	0.728588698089586
ALZ	0p5	global_slope	EUR	4116	3447	655	686	-0.0238061202412317	0.0513083982097653	0.64278310554326	-0.0366389511836355	0.0157718362928753	0.0202340983974848	-0.0128328309424038	0.0536660427742298	-0.239123853353429	0.811009545928844
ALZ	1	global_slope	EUR	4116	3447	655	686	-0.0262501186133023	0.0513779151506798	0.609541473730595	-0.0357049299351416	0.0157648040675413	0.0235840986919166	-0.00945481132183933	0.0537303233508131	-0.175967884282168	0.860319173336648
ALZ	1e-5	global_slope	EUR	4116	3447	655	686	0.0573954411310376	0.0523929789454313	0.273624029537976	-0.0309774119681326	0.0156063522652582	0.047233424413074	-0.0883728530991702	0.0546541759471696	-1.61694603509518	0.10588993015841
ALZ	5e-8	global_slope	EUR	4116	3447	655	686	0.0633530711092618	0.0533360832884161	0.235248951222477	-0.0302653773481082	0.0155705704113531	0.0520075257217956	-0.0936184484573699	0.0555639916037034	-1.68487622568733	0.0920124543425473
ALZ	0p001	global_slope	full	8082	6789	1250	1339	0.0190060712710034	0.0368905186191241	0.606482847063699	-0.0293505752728093	0.0111810668059059	0.00868385031535293	-0.0483566465438127	0.0385470756920403	-1.25448288036537	0.209666544434575
ALZ	0p01	global_slope	full	8082	6789	1250	1339	0.00847649497620265	0.0370128392193181	0.818886522056365	-0.0215838885719677	0.0112276782313577	0.0545999206494351	-0.0300603835481704	0.0386795679968611	-0.777164407591361	0.437061778289035
ALZ	0p05	global_slope	full	8082	6789	1250	1339	-0.0236124824173879	0.0376393634486134	0.530529235457596	-0.0305844382008026	0.0112408642063196	0.0065287034615709	-0.00697195578341473	0.0392867821860889	-0.177463141429879	0.859144614559725
ALZ	0p1	global_slope	full	8082	6789	1250	1339	0.00613921143464551	0.0379071205382868	0.871362483285843	-0.0241372537585383	0.0112742802505877	0.0323171573273329	-0.0302764651931838	0.0395516498687952	-0.76549183899079	0.443978724241873
ALZ	0p5	global_slope	full	8082	6789	1250	1339	0.0231297595753866	0.037902904385655	0.541791326560641	-0.0273654656867929	0.0112923313797289	0.0154037614576413	-0.0504952252621795	0.0395533953684698	-1.27663440247742	0.201731350273744
ALZ	1	global_slope	full	8082	6789	1250	1339	0.0181638240103069	0.0378355831009267	0.631241389692016	-0.0274389255810865	0.0112945866042285	0.0151505792197557	-0.0456027495913935	0.0394893558697138	-1.1548111785325	0.248167758412656
ALZ	1e-5	global_slope	full	8082	6789	1250	1339	0.0510908252377596	0.036775186517926	0.164942406751389	-0.0251528758475951	0.0111864560238547	0.0245759752241426	-0.0762437010853546	0.0384403653497182	-1.98342810719185	0.0473196301294327
ALZ	5e-8	global_slope	full	8082	6789	1250	1339	0.0716047588400205	0.0372274773455308	0.0546024039362118	-0.0216059996556375	0.0111891762970986	0.0535284986898864	-0.093210758495658	0.0388768351799416	-2.39759121503156	0.0165032714146494
ALZ	0p001	slope_PC1	EUR	4116	3447	655	686	-0.0627647272663201	0.0551526257881467	0.255463019170552	0.0456694682175681	0.0161673834359857	0.00475949106309065	0.108434195483888	0.0574269603518565	1.88821060386113	0.0589976828335173
ALZ	0p01	slope_PC1	EUR	4116	3447	655	686	-0.0426741690762034	0.0546077419496447	0.434766174014607	0.0283236862227105	0.0162315518054877	0.0810806653580709	0.070997855298914	0.0569372890672719	1.24694829104051	0.212416458252418
ALZ	0p05	slope_PC1	EUR	4116	3447	655	686	0.0275237125658792	0.0548131253487048	0.615713406919748	0.0265523552696138	0.0162387585634492	0.102117531275887	-0.000971357296265341	0.0571515675671425	-0.0169961619184667	0.986439677676126
ALZ	0p1	slope_PC1	EUR	4116	3447	655	686	0.0374127643895173	0.0549159562685395	0.495901949156044	0.0293296189851052	0.0162905579807259	0.0718875168068945	-0.00808314540441212	0.0572681196039923	-0.141145640197494	0.887754888863793
ALZ	0p5	slope_PC1	EUR	4116	3447	655	686	0.0634109131482239	0.0550064877233803	0.249351402995751	0.0260366141646922	0.0163027924999656	0.110346219440896	-0.0373742989835318	0.0573597887866079	-0.651576649324374	0.514674315403694
ALZ	1	slope_PC1	EUR	4116	3447	655	686	0.0638894055775525	0.0550826453192316	0.246453064780737	0.0262842523243155	0.0162943726633627	0.106820380471018	-0.037605153253237	0.0574303101809137	-0.654796276300362	0.51259892843134
ALZ	1e-5	slope_PC1	EUR	4116	3447	655	686	-0.0597828625663284	0.0562389308359474	0.288104721628438	0.0466167205999973	0.0161087233605046	0.00383017646256803	0.106399583166326	0.0584871896432028	1.81919466152177	0.0688817370181009
ALZ	5e-8	slope_PC1	EUR	4116	3447	655	686	-0.0488570103156342	0.0572622739448084	0.393803149759917	0.0497777645050427	0.0160694988512312	0.00196704234499177	0.0986347748206768	0.0594763085546671	1.65838763732315	0.0972392502755757
ALZ	0p001	slope_PC1	full	8082	6789	1250	1339	-0.0883928814321802	0.0385634100928827	0.0220300422916228	0.0165250649957212	0.0115414041921763	0.152245925836398	0.104917946427901	0.0402528156932542	2.60647471787878	0.00914795770520533
ALZ	0p01	slope_PC1	full	8082	6789	1250	1339	-0.100553695911624	0.0386620531154645	0.00938782789298041	0.0121086058986915	0.0115878618351405	0.296089272948788	0.112662301810315	0.0403625788174554	2.79125628518049	0.00525038811809693
ALZ	0p05	slope_PC1	full	8082	6789	1250	1339	-0.0377938113665302	0.0394018156408731	0.337611675177627	0.0195778279486435	0.0116027313379088	0.0915837797087074	0.0573716393151737	0.0410795075655442	1.39659997685305	0.162533897268401
ALZ	0p1	slope_PC1	full	8082	6789	1250	1339	-0.0405089810096421	0.0396709191240113	0.307353186030166	0.0196245457553777	0.01163468583264	0.0917029853447665	0.0601335267650198	0.0413453843311432	1.45441934421019	0.145830080044204
ALZ	0p5	slope_PC1	full	8082	6789	1250	1339	-0.0185835472364864	0.0396792285634707	0.639603535340527	0.0205783646573609	0.011654465090433	0.0774912647906046	0.0391619118938474	0.0413595775931442	0.94686440657312	0.343707877173551
ALZ	1	slope_PC1	full	8082	6789	1250	1339	-0.0114601754852503	0.0396097175769211	0.772369215895756	0.0212025256023399	0.0116564602402843	0.0689642581248947	0.0326627010875902	0.0412932752511763	0.790993228047702	0.428947943244569
ALZ	1e-5	slope_PC1	full	8082	6789	1250	1339	-0.118381363438966	0.0384171841407447	0.00209598259384093	0.0107850676455945	0.0115454643243836	0.350266298041706	0.12916643108456	0.0401160520992278	3.21981910794873	0.00128271509410496
ALZ	5e-8	slope_PC1	full	8082	6789	1250	1339	-0.126151675392762	0.0388929060411934	0.00120552423101103	0.0128531686536033	0.0115473107042106	0.265711165594889	0.139004844046365	0.0405752080371224	3.42585659497271	0.000612863864537197
ALZ	0p001	slope_PC2	EUR	4116	3447	655	686	-0.0311091567562891	0.0536772992809099	0.562372452104296	0.0467981493966357	0.0166300891429373	0.00491993028204977	0.0779073061529248	0.0561443321086985	1.38762548643543	0.16525111651367
ALZ	0p01	slope_PC2	EUR	4116	3447	655	686	-0.043946345613568	0.0530962547523615	0.408098779076963	0.0506716132672919	0.0166764675413273	0.00239534731873418	0.0946179588808598	0.0556197132748008	1.70115869553984	0.0889131915875007
ALZ	0p05	slope_PC2	EUR	4116	3447	655	686	0.0316518692779392	0.0532763140976452	0.552605332283996	0.0284592753024376	0.016699986941958	0.0884432501713018	-0.00319259397550161	0.0558148446668937	-0.0571997287559465	0.95438609422971
ALZ	0p1	slope_PC2	EUR	4116	3447	655	686	0.0344787734020808	0.0533638728316238	0.518392165587846	0.0281401558107356	0.0167603298036952	0.0932483710067681	-0.00633861759134512	0.0559198473196195	-0.113351840092046	0.909751619585045
ALZ	0p5	slope_PC2	EUR	4116	3447	655	686	0.0891252651363987	0.0534308258798991	0.0956913446781559	0.0284037136413334	0.0167668539656277	0.0903484660693295	-0.0607215514950653	0.0559871498097667	-1.08456229155056	0.278115563812715
ALZ	1	slope_PC2	EUR	4116	3447	655	686	0.0960587089497067	0.053490345573931	0.0728958710200028	0.0285666801973165	0.0167586834757996	0.0883615076733387	-0.0674920287523903	0.0560413817631317	-1.20432485119044	0.228464045092704
ALZ	1e-5	slope_PC2	EUR	4116	3447	655	686	-0.0378344964674467	0.0547357536845203	0.489624043671169	0.0382155251183492	0.0165792599486605	0.0212254770325872	0.0760500215857959	0.0571765613435784	1.33009085888893	0.183488336974302
ALZ	5e-8	slope_PC2	EUR	4116	3447	655	686	-0.0111868642886988	0.0557096595337331	0.840900073407146	0.0354560713118842	0.0165448485932399	0.0321816518801009	0.046642935600583	0.0581160729317723	0.802582370893183	0.422216161174521
ALZ	0p001	slope_PC2	full	8082	6789	1250	1339	-0.056484164727479	0.0382529908970453	0.139977990781831	0.0244560521442057	0.0118119553252829	0.038448005316086	0.0809402168716847	0.0400344385735368	2.02176475443787	0.0432006605624181
ALZ	0p01	slope_PC2	full	8082	6789	1250	1339	-0.0687180422185466	0.0383515556059326	0.0733523658392733	0.0230734944839541	0.0118598009174054	0.0517535496981613	0.0917915367025007	0.0401448017870307	2.28651114506574	0.0222243728665801
ALZ	0p05	slope_PC2	full	8082	6789	1250	1339	0.0029469506613416	0.0390421274407946	0.939841052206012	0.0175165211047131	0.011879186542325	0.140378566534989	0.0145695704433715	0.0408144025613478	0.356971302507053	0.721113289532201
ALZ	0p1	slope_PC2	full	8082	6789	1250	1339	-0.0250660961801654	0.0393075607860262	0.523764289905988	0.0221030270112376	0.0119114034054432	0.0635514722956433	0.047169123191403	0.0410763873288659	1.14832696492409	0.250833611468592
ALZ	0p5	slope_PC2	full	8082	6789	1250	1339	0.0112306168289489	0.0393162065498515	0.775183678752941	0.0229261543263187	0.0119310604180508	0.0547042087546221	0.0116955374973698	0.0410910465075806	0.284624960700677	0.775931486006001
ALZ	1	slope_PC2	full	8082	6789	1250	1339	0.0197882545151641	0.039243383510465	0.614157951504774	0.0236186792808378	0.0119333295804073	0.0478319185747428	0.00383042476567361	0.0410218475254595	0.0933752377509649	0.925605461968173
ALZ	1e-5	slope_PC2	full	8082	6789	1250	1339	-0.0664245733193371	0.038147663920059	0.0818292761662963	0.0150887463142498	0.0118187647544707	0.201760144165837	0.0815133196335869	0.0399380480643322	2.04099407918698	0.0412514156118635
ALZ	5e-8	slope_PC2	full	8082	6789	1250	1339	-0.0699762307418351	0.0386300824413854	0.0702568670946256	0.0129658818273939	0.0118211648539276	0.272752049233681	0.082942112569229	0.0404027636464741	2.05288215665086	0.040084007962432
ALZ	0p001	slope_PC3	EUR	4116	3447	655	686	0.0888647355684031	0.0519435523580587	0.0875925447161472	-0.0362807470552426	0.0166062465241843	0.0289764845679222	-0.125145482623646	0.0544821528285004	-2.29699958842633	0.0216187932128738
ALZ	0p01	slope_PC3	EUR	4116	3447	655	686	0.0785285919190504	0.0514194845679797	0.127191841700119	-0.0192564936971846	0.0166613805437157	0.247864094167627	-0.097785085616235	0.0540169812033185	-1.81026565050302	0.0702546011110273
ALZ	0p05	slope_PC3	EUR	4116	3447	655	686	0.0451870743340208	0.0516997135683316	0.382423793796385	-0.0254797130973074	0.016662560181649	0.126320257950009	-0.0706667874313282	0.0543006654656122	-1.30139818408083	0.193122194903854
ALZ	0p1	slope_PC3	EUR	4116	3447	655	686	0.0226536489443503	0.0518456978775517	0.662296931194802	-0.0282582714983379	0.0167203549347004	0.0911127669726295	-0.0509119204426883	0.0544607846664734	-0.934836336907026	0.349872650088684
ALZ	0p5	slope_PC3	EUR	4116	3447	655	686	0.0201386134712491	0.0519535630244974	0.698418129412359	-0.0171216385859118	0.0167337500705273	0.306297721047436	-0.0372602520571609	0.0545690401777807	-0.682809372049987	0.494727306767801
ALZ	1	slope_PC3	EUR	4116	3447	655	686	0.0243713823494889	0.0520224720420739	0.639599005630695	-0.0171009651404466	0.0167260054224142	0.306658200902634	-0.0414723474899355	0.0546321484800254	-0.75911983408631	0.447780875420586
ALZ	1e-5	slope_PC3	EUR	4116	3447	655	686	0.0832259473076064	0.0529648214007588	0.116585274904707	-0.0405270205143545	0.0165492939287014	0.0143828512286653	-0.123752967821961	0.0554744129181764	-2.23081167176107	0.0256936064844676
ALZ	5e-8	slope_PC3	EUR	4116	3447	655	686	0.0837452568960683	0.0539077643492897	0.120788990120511	-0.0409415290752316	0.0165115630716095	0.0132042369551835	-0.1246867859713	0.0563810657009132	-2.21150104953196	0.0270011592765685
ALZ	0p001	slope_PC3	full	8082	6789	1250	1339	0.08067172566241	0.0378074749013909	0.033023300321332	-0.00500142282836595	0.0116211405745424	0.666938347022357	-0.085673148490776	0.0395525098636689	-2.16606098541098	0.0303065270140163
ALZ	0p01	slope_PC3	full	8082	6789	1250	1339	0.0973215183271562	0.0378887965888343	0.0103059045821387	0.00345763486931676	0.0116680099934119	0.766983798475565	-0.0938638834578395	0.0396460399540226	-2.36754751714656	0.0179064204805441
ALZ	0p05	slope_PC3	full	8082	6789	1250	1339	0.075311464481182	0.0385798620190546	0.0511111265873371	-0.00925060377341167	0.0116841536521332	0.428550878897927	-0.0845620682545937	0.0403153224972551	-2.09751685008476	0.0359478471458702
ALZ	0p1	slope_PC3	full	8082	6789	1250	1339	0.0485358062121681	0.0388766782541743	0.212056863346239	-0.0107911718245759	0.0117166871585061	0.357079336229979	-0.059326978036744	0.0406075273816757	-1.46098474499867	0.144019627936363
ALZ	0p5	slope_PC3	full	8082	6789	1250	1339	0.0493660313381561	0.0388779553613806	0.204361474153406	-0.00494979390731004	0.0117370134796935	0.673239293466009	-0.0543158252454662	0.0406152883664634	-1.33732462405254	0.181116696626468
ALZ	1	slope_PC3	full	8082	6789	1250	1339	0.0482728069235708	0.0388081665682345	0.21373480079407	-0.00525965142210857	0.0117394483581984	0.654144565219097	-0.0535324583456794	0.0405490109578729	-1.32019146906678	0.186771099505838
ALZ	1e-5	slope_PC3	full	8082	6789	1250	1339	0.110269158532329	0.0376658360496817	0.00346737103572402	-0.0075890609062162	0.011624936234276	0.513891020001653	-0.117858219438546	0.0394204424557126	-2.98977413992638	0.00279183798834415
ALZ	5e-8	slope_PC3	full	8082	6789	1250	1339	0.109055176005086	0.0381468002145026	0.00431038362824429	-0.00970602205222288	0.0116269621240303	0.403868332797255	-0.118761198057309	0.0398837520205113	-2.97768369425807	0.00290435545400812
ALZnoAPOE	0p001	baseline_thickness	EUR	4116	3447	655	686	0.0689027072094825	0.0378880775068968	0.0694010622255644	-0.00147366241514363	0.0172523821183786	0.931934082836252	-0.0703763696246261	0.0415326859409682	-1.69448153978422	0.0901738166514137
ALZnoAPOE	0p01	baseline_thickness	EUR	4116	3447	655	686	0.0496308377895014	0.0378633953578271	0.190360450441053	0.00494640526912063	0.0172229238791343	0.773977095129211	-0.0446844325203807	0.0415565625967865	-1.07526777308179	0.282254860212115
ALZnoAPOE	0p05	baseline_thickness	EUR	4116	3447	655	686	0.0322690656207981	0.0387237215437602	0.404951963961506	0.0121529777781133	0.0171855320175849	0.479512326356139	-0.0201160878426848	0.0423474765473706	-0.475024475665808	0.634769527992034
ALZnoAPOE	0p1	baseline_thickness	EUR	4116	3447	655	686	0.032080943228296	0.0387109561229212	0.407540213316176	0.0249479613472839	0.0172668944931184	0.148592132587547	-0.00713298188101209	0.0423724782085705	-0.168339974025152	0.866315827833711
ALZnoAPOE	0p5	baseline_thickness	EUR	4116	3447	655	686	-0.00282952082199424	0.0390732345575829	0.942291728644031	0.0164235165426102	0.0172499024392624	0.341115911734531	0.0192530373646045	0.042696866506725	0.450923895353585	0.652044400763271
ALZnoAPOE	1	baseline_thickness	EUR	4116	3447	655	686	-0.00336972128206098	0.0391698125076044	0.931468407148147	0.0172381630201427	0.0172408972801475	0.317456929982969	0.0206078843022036	0.0427812004539627	0.481704208473065	0.630016086028108
ALZnoAPOE	1e-5	baseline_thickness	EUR	4116	3447	655	686	0.0327114633796111	0.0394249149633657	0.406981599968884	-0.024519594270129	0.0172036685164409	0.154174080106704	-0.05723105764974	0.0428992402858027	-1.33408091305245	0.182177340437782
ALZnoAPOE	5e-8	baseline_thickness	EUR	4116	3447	655	686	0.000161595990100305	0.038367283947051	0.996640668418949	-0.0462309976383417	0.0171677386694448	0.0071176140614583	-0.046392593628442	0.042018288117176	-1.10410480072552	0.269547679022915
ALZnoAPOE	0p001	baseline_thickness	full	8082	6789	1250	1339	0.0380431024277713	0.0286241006229958	0.184050789401066	0.00871030998248005	0.011911744965082	0.464659491565456	-0.0293327924452912	0.030987291018407	-0.946607188988126	0.343838979308115
ALZnoAPOE	0p01	baseline_thickness	full	8082	6789	1250	1339	0.0304562896890048	0.0291560190588279	0.296394460087299	0.0129434217092734	0.0119445307378803	0.278568303298348	-0.0175128679797315	0.0315053733034307	-0.555869242083364	0.57830024618706
ALZnoAPOE	0p05	baseline_thickness	full	8082	6789	1250	1339	0.0473235008201123	0.0300883837763165	0.115993415025572	0.0218986108024412	0.0119375394058247	0.0666333683546078	-0.0254248900176711	0.0323742451229354	-0.785343099773435	0.432252432302006
ALZnoAPOE	0p1	baseline_thickness	full	8082	6789	1250	1339	0.0295231927075359	0.030264677711142	0.329485348507337	0.0246236233728451	0.0119753392044212	0.0398018278402163	-0.00489956933469088	0.0325513185609533	-0.150518306209817	0.88035570899972
ALZnoAPOE	0p5	baseline_thickness	full	8082	6789	1250	1339	0.0217815207976653	0.0303925973947642	0.473699354879971	0.0187190607238186	0.011988641459404	0.118475975310215	-0.00306246007384675	0.0326761675408208	-0.0937215195148259	0.925330375416114
ALZnoAPOE	1	baseline_thickness	full	8082	6789	1250	1339	0.0179904977816392	0.0303625984348563	0.553599605859245	0.0190149627142887	0.0119916282702751	0.112856932020696	0.00102446493264955	0.0326492243566956	0.0313779255965527	0.974968145303657
ALZnoAPOE	1e-5	baseline_thickness	full	8082	6789	1250	1339	0.0508067253064862	0.028192802723303	0.0717477258597524	-0.00244443836277484	0.0119122062926465	0.837418485913012	-0.053251163669261	0.0305912983928051	-1.74072911144515	0.0817310729052673
ALZnoAPOE	5e-8	baseline_thickness	full	8082	6789	1250	1339	0.0294294846935543	0.0284091662439314	0.300425600999857	-0.0176393076341166	0.0119292440143915	0.139277389627039	-0.0470687923276709	0.030817424894937	-1.52734345871331	0.126675628217661
ALZnoAPOE	0p001	global_slope	EUR	4116	3447	655	686	-0.0159809517561275	0.0488578055294992	0.743681287425039	-0.024644252617749	0.0158146957008424	0.119251797234982	-0.00866330086162147	0.0512821215439305	-0.168934135343837	0.865848448938391
ALZnoAPOE	0p01	global_slope	EUR	4116	3447	655	686	-0.0593964602865892	0.0488027710372458	0.223924203645176	-0.00977190498822082	0.0158084300902097	0.536520507487898	0.0496245552983684	0.0512695017101151	0.967915693406823	0.333086476006677
ALZnoAPOE	0p05	global_slope	EUR	4116	3447	655	686	-0.0836192612482503	0.0498269704661339	0.093687816271795	-0.0249337259397078	0.0157686703196359	0.113919848529378	0.0586855353085425	0.0522489916525556	1.12318981577269	0.261356886963348
ALZnoAPOE	0p1	global_slope	EUR	4116	3447	655	686	-0.0660060281119956	0.0498506120259533	0.185843589351648	-0.0267685781137812	0.015830018195619	0.0909279890599685	0.0392374499982143	0.0522932583273546	0.7503347707383	0.45305310606608
ALZnoAPOE	0p5	global_slope	EUR	4116	3447	655	686	-0.033817168361049	0.0503074907818438	0.501637740028021	-0.0308596703880083	0.0158176922574059	0.0511433548736331	0.00295749797304065	0.0527253764164522	0.0560924961384971	0.955268121742572
ALZnoAPOE	1	global_slope	EUR	4116	3447	655	686	-0.0362646384375263	0.0504307660093204	0.4722835619948	-0.0299699368564295	0.0158085492909699	0.0580699447730566	0.0062947015810968	0.052839917360898	0.119127771114853	0.905174129235342
ALZnoAPOE	1e-5	global_slope	EUR	4116	3447	655	686	0.0414728971888838	0.0507257441492742	0.41382536112415	-0.00447532392340131	0.0157658813256075	0.776534014450686	-0.0459482211122852	0.0530362032544225	-0.866355777615995	0.386295087112211
ALZnoAPOE	5e-8	global_slope	EUR	4116	3447	655	686	0.0622209372978605	0.0493607385151617	0.207832094958342	0.00423183979209106	0.0157345165334653	0.787982595792995	-0.0579890975057694	0.0517974725985431	-1.11953527067266	0.262911852589119
ALZnoAPOE	0p001	global_slope	full	8082	6789	1250	1339	-0.0289163108510276	0.0353599566392734	0.413610145282463	-0.0181711659682985	0.0112495893730753	0.106298478193141	0.0107451448827291	0.0370938321617234	0.289674704837233	0.772065109615466
ALZnoAPOE	0p01	global_slope	full	8082	6789	1250	1339	-0.0221686882630314	0.0360244907815483	0.538392475226819	-0.0118569329854248	0.01128537276733	0.293458906403669	0.0103117552776066	0.0377489079452702	0.273166982540449	0.784724859194632
ALZnoAPOE	0p05	global_slope	full	8082	6789	1250	1339	-0.0453495341510602	0.0371845917125214	0.222804486697331	-0.0244383627563502	0.011275253978645	0.0302368821441275	0.02091117139471	0.0388599436023408	0.538116359835643	0.590496718622873
ALZnoAPOE	0p1	global_slope	full	8082	6789	1250	1339	-0.0118339988576606	0.0374011329585729	0.751734501814141	-0.0185718083932479	0.0113098751579505	0.100618835227483	-0.00673780953558732	0.039076495558279	-0.172426146186484	0.863102518316673
ALZnoAPOE	0p5	global_slope	full	8082	6789	1250	1339	0.00940065748712937	0.0375427808117966	0.80231129006781	-0.0231896869433985	0.0113196399813571	0.0405378541237499	-0.0325903444305279	0.039215706294838	-0.831053358710456	0.405943486644464
ALZnoAPOE	1	global_slope	full	8082	6789	1250	1339	0.00454302532513374	0.037504581223596	0.903601255812373	-0.023282384470268	0.0113210741008168	0.0397680600855153	-0.0278254097954018	0.0391794089472424	-0.710204940377495	0.477577057682896
ALZnoAPOE	1e-5	global_slope	full	8082	6789	1250	1339	-0.00452314398299162	0.0348403072937585	0.896721146519622	-0.00993693125674292	0.0112517457635984	0.377189202756357	-0.0054137872737513	0.0366009247147683	-0.147913947965551	0.882410680407231
ALZnoAPOE	5e-8	global_slope	full	8082	6789	1250	1339	0.0347371852295899	0.0350794289806662	0.322204815329453	0.0036743500208599	0.0112605965491396	0.744206490804351	-0.03106283520873	0.0368468245133133	-0.843026111992542	0.399213840197721
ALZnoAPOE	0p001	slope_PC1	EUR	4116	3447	655	686	-0.0600251055995265	0.0523642110421758	0.252022729971827	0.017856945438687	0.0163420326235561	0.274604915355361	0.0778820510382135	0.0547831714337113	1.42164188381194	0.155130239278374
ALZnoAPOE	0p01	slope_PC1	EUR	4116	3447	655	686	-0.0321214255098073	0.0523461364475102	0.539635873883787	0.00709168773263106	0.0163398282534302	0.664307367045667	0.0392131132424384	0.0548070225700743	0.715476072291683	0.474314920989308
ALZnoAPOE	0p05	slope_PC1	EUR	4116	3447	655	686	0.0363747754969704	0.0535125596158562	0.496869786658403	0.0129570577849139	0.016300668604792	0.426740319073308	-0.0234177177120565	0.0559264776729711	-0.418723271810378	0.675418385853398
ALZnoAPOE	0p1	slope_PC1	EUR	4116	3447	655	686	0.0442595974838051	0.0534959754807333	0.408295991727341	0.0177757064184449	0.0163601559203755	0.277326264154397	-0.0264838910653602	0.0559312685632401	-0.473507784566258	0.635850948482348
ALZnoAPOE	0p5	slope_PC1	EUR	4116	3447	655	686	0.0680084888032188	0.0539151842921861	0.20754435665509	0.0170457890160015	0.0163510463480273	0.297260649584094	-0.0509626997872173	0.0563298253943386	-0.90471964772572	0.365613929516373
ALZnoAPOE	1	slope_PC1	EUR	4116	3447	655	686	0.0686918407742355	0.0540490007695606	0.204138452476703	0.0174406523943926	0.0163405622922854	0.285903679819909	-0.051251188379843	0.0564545135781015	-0.90783154670069	0.363967228357583
ALZnoAPOE	1e-5	slope_PC1	EUR	4116	3447	655	686	-0.0851474110367534	0.0542987596913089	0.117257156995685	0.0122019690029581	0.0162886830703154	0.453846245955257	0.0973493800397115	0.0566057992897278	1.71977750091371	0.085472893861915
ALZnoAPOE	5e-8	slope_PC1	EUR	4116	3447	655	686	-0.074593843248228	0.0528613117723748	0.158608033214056	0.0117663172825072	0.0162566905279245	0.469250748990226	0.0863601605307352	0.0552941409271689	1.56183203288184	0.118327563402214
ALZnoAPOE	0p001	slope_PC1	full	8082	6789	1250	1339	-0.0206817956838023	0.0370136961063069	0.576405002195935	0.00892808914003114	0.0116104413435567	0.441938070640581	0.0296098848238334	0.0387792155462382	0.76355038148021	0.44513522782763
ALZnoAPOE	0p01	slope_PC1	full	8082	6789	1250	1339	-0.0563404060250192	0.0376790851501036	0.135046121586952	0.00578724016514476	0.0116467904744873	0.619279008168257	0.062127646190164	0.039436125632251	1.57539933738713	0.115164297259972
ALZnoAPOE	0p05	slope_PC1	full	8082	6789	1250	1339	-0.00533339856628277	0.0389424831416721	0.891083377340056	0.0155807048674808	0.01163749085016	0.18066954601098	0.0209141034337636	0.0406477287141087	0.514520837827387	0.606887895430603
ALZnoAPOE	0p1	slope_PC1	full	8082	6789	1250	1339	-0.0125821181354461	0.0391488722651602	0.747956631302247	0.0162040865481141	0.0116710742718175	0.165062901039424	0.0287862046835603	0.040854345748207	0.704605695094839	0.48105565335789
ALZnoAPOE	0p5	slope_PC1	full	8082	6789	1250	1339	0.00335172475545441	0.0392965848873552	0.932039349737181	0.0179586409873309	0.0116821773076688	0.124275454372407	0.0146069162318765	0.0409998909725218	0.35626719694611	0.721640472815448
ALZnoAPOE	1	slope_PC1	full	8082	6789	1250	1339	0.010276667888756	0.0392562056064735	0.793522031747977	0.0186149953980704	0.0116833347083185	0.111141952661741	0.00833832750931445	0.0409613720761455	0.203565629926015	0.83869295404851
ALZnoAPOE	1e-5	slope_PC1	full	8082	6789	1250	1339	-0.0520100993584698	0.0364483175953079	0.153792557844399	-0.00265320619415898	0.0116109584474093	0.819257757910282	0.0493568931643108	0.0382416016808566	1.29065967414797	0.196821713714656
ALZnoAPOE	5e-8	slope_PC1	full	8082	6789	1250	1339	-0.061075281901524	0.0366841340073259	0.0961339423070571	-0.00203799001443518	0.0116201007414459	0.860782615372748	0.0590372918870888	0.0384850145030594	1.53403325032905	0.125021472964644
ALZnoAPOE	0p001	slope_PC2	EUR	4116	3447	655	686	-0.0544489565441899	0.0509260809931538	0.285306256250465	0.0353076543071074	0.0168024477916961	0.0356841900288884	0.0897566108512973	0.0535493682893771	1.6761469596851	0.0937094104497955
ALZnoAPOE	0p01	slope_PC2	EUR	4116	3447	655	686	-0.0527462351031434	0.0508858577974447	0.30024894360707	0.0401929660081279	0.016787835061559	0.0167109811738061	0.0929392011112713	0.0535515979967367	1.73550752149235	0.0826509504204316
ALZnoAPOE	0p05	slope_PC2	EUR	4116	3447	655	686	0.0277362171799914	0.0520298460005376	0.594121723065024	0.0200379849234436	0.0167617070819319	0.231988758238977	-0.00769823225654787	0.054648530019613	-0.140868057270434	0.887974177076271
ALZnoAPOE	0p1	slope_PC2	EUR	4116	3447	655	686	0.0307087202684957	0.0520029868289719	0.555006931744789	0.0209321811377318	0.0168298568392103	0.21367578762025	-0.00977653913076388	0.0546472978874365	-0.178902516843592	0.858014246515566
ALZnoAPOE	0p5	slope_PC2	EUR	4116	3447	655	686	0.0847613120050386	0.0523842240411477	0.106035618929112	0.0228154951323404	0.0168155440761371	0.17493085263659	-0.0619458168726982	0.0550059373628781	-1.12616600757182	0.260095258766925
ALZnoAPOE	1	slope_PC2	EUR	4116	3447	655	686	0.0917685452184826	0.0525007147294664	0.0808507195176305	0.023060667959527	0.0168052790065076	0.17008231952629	-0.0687078772589556	0.055113376527245	-1.24666426897271	0.212520625487568
ALZnoAPOE	1e-5	slope_PC2	EUR	4116	3447	655	686	-0.091334442943467	0.0528069191506356	0.0840816393501977	0.0266212472425717	0.0167520879106088	0.112124107603021	0.117955690186039	0.0553106169668272	2.13260485336446	0.0329571548569167
ALZnoAPOE	5e-8	slope_PC2	EUR	4116	3447	655	686	-0.0509801153471194	0.0514353861752803	0.321906921257468	0.0223580143232056	0.0167249873280551	0.181376808117759	0.073338129670325	0.0540750121241828	1.35622955574942	0.175026140928027
ALZnoAPOE	0p001	slope_PC2	full	8082	6789	1250	1339	-0.0282584684231543	0.0366644589839079	0.440977565447137	0.0205455627973602	0.0118840124972241	0.0838832164534504	0.0488040312205145	0.0385289283463101	1.26668540536213	0.205267800597026
ALZnoAPOE	0p01	slope_PC2	full	8082	6789	1250	1339	-0.0490170878941473	0.0373357397985802	0.189410966761645	0.0190068878075092	0.0119204497026202	0.110875695658295	0.0680239757016564	0.0391904953067795	1.73572635837264	0.0826122305783588
ALZnoAPOE	0p05	slope_PC2	full	8082	6789	1250	1339	0.0181475905928335	0.0385692480353289	0.638046822468299	0.0141092872310064	0.0119145404435555	0.236372508753005	-0.00403830336182708	0.0403713031091282	-0.100029056553144	0.920321257333877
ALZnoAPOE	0p1	slope_PC2	full	8082	6789	1250	1339	-0.01233029918362	0.0387782052593331	0.750548618879103	0.019430903808206	0.0119485222696271	0.103949908664837	0.031761202991826	0.0405802232104818	0.782676892314927	0.433816875116308
ALZnoAPOE	0p5	slope_PC2	full	8082	6789	1250	1339	0.0215304916522569	0.0389275025503552	0.580276354287312	0.0208661172224217	0.0119594747365981	0.0810764588960327	-0.000664374429835229	0.0407269824141805	-0.0163128813001354	0.986984781117831
ALZnoAPOE	1	slope_PC2	full	8082	6789	1250	1339	0.0300348970969402	0.0388846390473928	0.439983618684167	0.0216011376731556	0.0119608967929489	0.0709660678352192	-0.00843375942378466	0.0406862823192231	-0.207287541231064	0.835785303505609
ALZnoAPOE	1e-5	slope_PC2	full	8082	6789	1250	1339	-0.0346310438454878	0.036117612969542	0.337781123600232	0.00845798114795674	0.0118866236879916	0.476765178361142	0.0430890249934445	0.0380112773029449	1.13358529496472	0.256968544175419
ALZnoAPOE	5e-8	slope_PC2	full	8082	6789	1250	1339	-0.037483239220389	0.0363575699931177	0.302712142795957	0.00389753274551741	0.0118979619942962	0.743239552055145	0.0413807719659065	0.0382595081468857	1.08158138905073	0.279438577873137
ALZnoAPOE	0p001	slope_PC3	EUR	4116	3447	655	686	0.0385078485609093	0.0494408089381024	0.436338035562582	-0.0177946499968138	0.0167748253963796	0.288861084005294	-0.056302498557723	0.0521306005592901	-1.0800278138689	0.280129794653116
ALZnoAPOE	0p01	slope_PC3	EUR	4116	3447	655	686	0.040795365727672	0.0493745014651983	0.408966732699108	-0.00431658648400678	0.0167650275158899	0.796827545285837	-0.0451119522116788	0.0521105998128267	-0.865696276260761	0.386656742622699
ALZnoAPOE	0p05	slope_PC3	EUR	4116	3447	655	686	0.0182818054661463	0.0505161308290001	0.717543484731547	-0.0163100378123512	0.0167235687284673	0.32949620783435	-0.0345918432784975	0.053197532979376	-0.650252771907832	0.515528958346994
ALZnoAPOE	0p1	slope_PC3	EUR	4116	3447	655	686	-0.000670769418588608	0.0505250957503702	0.989411681119458	-0.020419175842208	0.0167904568503122	0.22402738544515	-0.0197484064236194	0.0532304985321944	-0.370997961096971	0.710639050327854
ALZnoAPOE	0p5	slope_PC3	EUR	4116	3447	655	686	0.00154605016129712	0.0509356709930039	0.97579478963058	-0.0106276244005663	0.0167814307302764	0.526583798786645	-0.0121736745618634	0.0536176238921343	-0.227046140395067	0.82038786404541
ALZnoAPOE	1	slope_PC3	EUR	4116	3447	655	686	0.00574944519028531	0.0510619543047463	0.910384259090876	-0.01072992773386	0.0167715874003477	0.522367777973793	-0.0164793729241453	0.0537341510558992	-0.306683414557009	0.759084355100632
ALZnoAPOE	1e-5	slope_PC3	EUR	4116	3447	655	686	0.0299009419215237	0.0513287523287777	0.560404017633266	-0.0226657058402928	0.0167203304953779	0.175327440713306	-0.0525666477618165	0.0538919523232488	-0.975408117459116	0.32935785869471
ALZnoAPOE	5e-8	slope_PC3	EUR	4116	3447	655	686	0.0298241385886259	0.0499508592164384	0.550666973192341	-0.0211711101052697	0.0166911346230138	0.204744479886981	-0.0509952486938956	0.052654278991929	-0.968492013758508	0.332798705598708
ALZnoAPOE	0p001	slope_PC3	full	8082	6789	1250	1339	0.0124060396983982	0.0362858335517351	0.732475168618184	-0.000776214169335985	0.0116900014490096	0.947061493939719	-0.0131822538677341	0.0381092774555272	-0.34590668592753	0.729412843829564
ALZnoAPOE	0p01	slope_PC3	full	8082	6789	1250	1339	0.0533234546155315	0.0369272297509378	0.148941172527223	0.00785725511821982	0.0117260321977864	0.502836715730265	-0.0454661994973117	0.0387422960156	-1.17355459467359	0.24057347711463
ALZnoAPOE	0p05	slope_PC3	full	8082	6789	1250	1339	0.0434606405348498	0.0381533110677499	0.254838981127191	-0.00720352960152927	0.0117181436958648	0.538752050265315	-0.0506641701363791	0.0399159110501317	-1.26927254830156	0.20434387374167
ALZnoAPOE	0p1	slope_PC3	full	8082	6789	1250	1339	0.0202761159294207	0.0383721250817745	0.597293810665558	-0.00907720211883678	0.0117523288850168	0.439919984633965	-0.0293533180482574	0.0401343739120432	-0.731376004832838	0.464549517569426
ALZnoAPOE	0p5	slope_PC3	full	8082	6789	1250	1339	0.0271411551213638	0.0385149057782844	0.481109825257233	-0.00351376694282856	0.0117642275856473	0.765191782980681	-0.0306549220641924	0.0402752172006175	-0.761136107882303	0.446575775527668
ALZnoAPOE	1	slope_PC3	full	8082	6789	1250	1339	0.0263194684269872	0.0384757122252452	0.494045369254472	-0.00382392740461433	0.0117658245974964	0.745189109337945	-0.0301433958316015	0.0402380571418868	-0.749126522816704	0.453780950393891
ALZnoAPOE	1e-5	slope_PC3	full	8082	6789	1250	1339	0.0540505985146284	0.0357266588274261	0.130514890260438	-0.00481777082606957	0.011689885542211	0.680256259943222	-0.058868369340698	0.0375787322821953	-1.56653420074497	0.1172236083665
ALZnoAPOE	5e-8	slope_PC3	full	8082	6789	1250	1339	0.0500867642205893	0.035968615125867	0.163970872063319	-0.00740131550779035	0.0117003109079477	0.527033589471595	-0.0574880797283797	0.0378283394934795	-1.51970931048372	0.128584050564626
